ActivityID,PartID,QuantityUsed,UnitCostAtTime
3,14,2,1133570.58
3,15,1,465902.95
4,2,1,122171.82
4,6,1,1358939.17
4,11,2,28395.97
4,16,5,2263267.98
5,2,5,118068.48
6,2,5,114676.58
6,10,1,2734579.83
6,14,2,1247553.45
7,10,3,2420849.34
7,15,3,414198.92
8,2,1,116615.51
8,14,3,1224894.25
8,6,1,1568919.54
9,5,1,711505.05
9,17,4,824184.04
9,12,3,2984466.61
9,15,5,484690.66
10,1,5,328460.2
10,17,1,818248.39
11,11,3,32911.33
12,14,1,1171230.29
13,10,3,2424580.13
13,16,3,2354753.52
13,9,3,3329165.0
15,12,2,2819118.33
15,17,2,839412.45
15,15,4,429295.3
15,10,5,2454199.89
16,18,1,56748.58
16,3,1,190981.65
17,10,3,2374418.07
17,15,5,483873.09
17,3,3,169654.56
18,17,4,969242.97
18,14,4,1114289.18
18,3,2,170878.59
19,15,5,428646.74
19,4,5,236564.82
19,8,5,2155736.22
19,14,2,1319358.19
20,4,5,239688.76
23,15,2,476287.14
24,15,5,410717.49
24,13,4,203835.54
24,5,4,653784.86
25,10,1,2693747.37
25,17,1,932707.87
25,3,5,189031.6
25,8,3,2029082.96
26,1,2,346760.66
26,10,3,2845381.81
26,16,2,2503840.84
28,1,5,357627.91
28,3,2,175460.9
29,15,5,490814.98
30,7,1,183562.01
30,11,4,27116.86
30,1,3,376510.53
30,2,3,113746.86
31,11,5,32681.7
33,8,1,2410313.18
33,1,5,368608.41
33,10,2,2683070.43
34,14,2,1143613.59
34,16,5,2461568.97
34,13,2,217156.54
34,15,2,469165.41
35,17,3,888858.02
35,2,5,118835.67
35,14,2,1133927.36
36,15,1,457947.78
36,9,2,3256601.67
40,10,1,2810818.41
41,10,1,2607361.18
41,6,3,1550693.33
42,4,5,222350.97
43,17,5,895080.78
43,11,4,31844.98
43,15,2,413489.32
43,16,4,2427148.78
44,2,4,128732.08
44,13,1,206934.58
44,17,1,820910.28
45,14,1,1139677.52
45,9,2,3223222.88
46,2,4,112403.71
47,9,2,3439671.01
47,17,1,889763.53
47,3,5,165524.71
48,4,1,262511.82
48,6,2,1399893.33
48,2,4,119552.6
48,11,4,32414.66
49,18,4,54025.86
50,16,3,2713259.04
50,6,4,1435574.77
50,13,5,206474.85
51,15,2,422090.81
51,16,2,2734354.68
51,4,5,251315.38
53,5,1,591518.5
53,2,4,120068.41
54,3,2,164047.66
54,18,5,54961.34
54,1,2,319796.49
54,8,1,2277093.52
55,4,4,221754.56
56,7,2,182841.09
56,4,1,245730.31
56,15,4,464163.58
56,5,5,652961.75
57,2,2,124073.42
57,7,3,170592.69
58,16,2,2585845.11
58,4,3,237946.78
58,7,1,162335.36
59,16,5,2748048.22
59,14,1,1209032.26
59,12,5,2668512.23
59,4,3,258281.48
60,2,3,114839.7
61,5,5,676460.19
61,1,5,383869.73
61,18,5,54093.88
62,6,3,1629526.81
62,7,1,195801.48
62,17,2,857603.87
62,2,1,125818.0
63,15,3,430358.06
64,1,3,329251.81
65,5,5,648509.14
65,11,1,27553.79
66,3,3,163587.12
66,17,3,948801.46
66,8,3,2051096.07
67,5,5,676736.77
67,8,5,1984254.67
67,6,1,1633515.28
68,18,5,54432.34
69,18,5,60630.3
69,3,4,166588.04
70,4,3,259151.11
70,13,1,215956.99
71,7,2,186009.6
72,5,5,699937.51
72,13,4,218953.48
73,17,2,965629.03
74,9,4,2895863.27
75,5,4,689290.57
75,12,2,2669411.2
77,15,1,482273.39
77,17,2,845923.11
77,5,4,630455.6
78,16,2,2261832.22
79,2,4,115878.29
81,18,3,61697.78
81,13,4,207180.72
82,15,3,489531.34
82,13,1,215081.54
82,1,3,327499.75
82,14,3,1089181.73
83,12,4,2713584.78
83,4,3,236946.91
83,16,5,2307822.89
83,17,5,844214.18
85,1,1,351394.42
85,10,5,2697165.72
85,7,2,175111.97
87,12,5,2695792.76
87,16,1,2609877.13
88,13,5,192371.39
88,2,4,115828.39
89,2,5,111054.91
89,14,4,1239583.06
90,17,2,920792.68
90,1,3,343425.26
90,12,1,2690169.97
91,5,4,687148.65
92,13,3,198599.53
92,10,4,2691326.16
92,18,5,59678.23
92,4,2,247624.84
93,10,5,2685203.99
93,18,5,58022.26
94,8,3,2078841.89
95,13,2,180977.02
96,14,4,1226705.75
98,17,4,969504.64
98,11,5,28166.61
98,15,4,449493.95
99,6,2,1546817.4
102,1,2,327312.07
102,6,5,1489364.97
102,2,5,113980.76
104,10,2,2756736.63
104,1,5,384152.47
104,6,5,1445189.39
105,13,5,212600.26
105,6,5,1478022.23
105,8,5,2176201.99
106,1,4,346504.88
107,9,3,3370120.76
108,10,4,2665909.19
108,7,3,177835.41
108,15,3,426104.42
108,2,3,115673.03
109,1,1,324686.18
109,15,2,439473.18
109,5,2,676834.49
109,3,1,176935.24
110,16,5,2482962.15
110,11,1,28241.01
111,9,4,3459096.63
111,2,5,130705.49
111,18,1,64280.78
112,7,4,179171.27
112,6,3,1439583.8
112,9,4,3426206.69
112,3,4,181375.94
113,1,5,377846.79
113,2,4,113266.12
113,7,4,179483.11
113,14,4,1160671.09
114,3,2,192258.2
114,15,2,493264.98
114,13,5,181078.66
115,13,5,202575.68
115,12,1,2567010.58
115,5,4,602640.93
116,3,2,163810.25
116,15,4,434461.74
116,12,4,2703033.65
117,2,3,126048.24
117,8,4,2090999.47
117,12,1,2783371.83
118,15,1,494991.7
118,12,3,2645564.41
118,7,1,190124.39
118,2,1,126101.6
119,17,2,961061.19
120,5,2,616010.84
120,9,4,3308453.66
120,12,5,3050743.93
120,1,4,363962.55
121,10,2,2655064.2
121,1,1,369445.43
122,17,3,829457.77
124,6,5,1553204.19
124,15,4,440698.9
125,13,1,203683.91
126,7,1,187098.95
127,17,5,954995.03
127,1,5,369784.47
128,12,5,2759891.69
128,1,3,319826.97
129,4,1,256779.63
129,17,4,828997.0
130,6,4,1562192.59
130,12,4,2618636.7
131,8,3,2251001.44
131,10,5,2742813.55
131,18,4,59226.89
131,12,5,2670301.5
132,14,1,1146942.78
133,3,2,189017.15
133,10,5,2657372.49
133,17,4,870551.39
134,10,3,2434556.73
134,8,2,2136122.99
134,12,3,2710589.75
135,18,3,60669.49
135,2,5,130753.5
135,8,1,2086196.66
135,1,4,349200.45
136,6,4,1543770.87
137,2,4,127030.39
137,3,1,172592.48
137,1,4,363425.1
138,12,5,2726651.45
138,18,5,60371.06
139,4,5,231877.98
139,11,4,28625.5
139,12,3,2649101.3
140,13,3,184782.19
141,15,2,422238.69
141,6,4,1432949.89
141,12,5,3066899.93
141,2,5,122322.98
143,16,3,2363741.58
144,18,3,54169.78
145,7,2,171875.21
145,9,1,3234149.74
145,8,2,2260662.65
145,1,4,322181.14
147,5,3,646021.6
147,2,4,116176.94
147,3,1,171089.22
147,15,4,415267.84
149,13,4,182963.29
149,15,1,418655.43
149,4,5,261558.03
151,16,1,2529036.52
152,7,5,183460.57
152,3,5,170124.74
152,12,5,2733011.69
153,10,3,2787286.67
153,8,4,2114367.31
153,5,5,592829.94
155,11,2,28587.88
157,9,2,2991240.67
159,6,1,1472555.27
160,18,4,57495.11
160,13,2,191524.2
160,12,3,2913673.03
160,11,4,27427.08
161,10,3,2749670.57
162,9,2,3152088.94
162,12,5,2645893.29
162,10,2,2812373.95
162,7,2,164570.75
163,17,3,917107.93
164,1,3,345740.74
164,15,4,466981.02
164,11,4,32656.06
164,4,5,241919.12
165,12,1,2854900.53
165,17,4,942216.11
165,2,5,114008.83
167,15,5,457841.06
169,17,5,817241.7
169,9,2,3181120.53
170,14,3,1123557.4
170,3,5,177691.86
170,11,4,32814.33
171,9,3,3141342.78
171,1,3,361909.35
171,13,2,193192.15
172,10,3,2684543.44
172,18,4,63762.79
172,8,5,1996146.74
174,2,3,115758.57
174,16,4,2682455.29
176,7,4,176876.91
176,18,2,60221.27
176,12,5,2943608.17
176,8,4,2314395.84
177,17,3,908859.54
178,15,4,484276.2
178,14,4,1109142.26
179,11,2,31258.7
179,18,3,60610.07
179,8,5,2159515.9
179,1,2,384458.0
181,13,1,205908.39
181,4,2,239922.02
181,5,3,651153.36
182,4,4,256066.75
182,5,4,616685.02
183,2,2,117206.06
183,11,5,30049.45
183,3,2,193104.97
183,6,3,1581802.54
184,3,3,195632.94
184,2,5,114412.14
184,10,1,2487076.27
185,4,5,243836.32
185,14,4,1287662.54
186,12,5,2791231.18
186,16,3,2525958.71
186,1,5,341404.7
187,1,2,383654.22
187,8,2,2231590.96
188,13,4,181745.89
189,10,4,2540760.95
189,5,2,649392.72
189,7,1,166544.87
190,1,3,375879.02
190,5,4,597962.52
190,8,4,1986752.94
190,11,2,29459.87
191,5,1,646033.78
192,15,3,461093.35
192,10,4,2677915.06
193,5,5,634401.22
193,15,3,461411.93
194,2,5,108861.58
194,4,1,227268.97
194,17,3,989536.67
196,8,1,2314562.66
196,11,1,29662.07
196,17,3,972616.33
198,2,1,115040.83
198,14,3,1183364.83
199,12,5,2750748.98
200,13,2,187002.77
201,3,4,184309.57
201,16,2,2498833.63
201,12,5,2600145.92
201,8,4,2260678.04
202,5,3,671689.29
202,4,4,259258.05
202,17,5,838435.61
203,1,3,384135.62
203,3,3,185001.79
203,6,4,1557094.05
204,11,3,28195.3
204,8,4,2355467.6
204,9,1,3031811.65
205,12,3,2841894.68
205,4,3,217053.1
205,6,4,1432344.11
205,15,5,482856.07
207,5,4,693269.06
207,13,3,211029.64
207,8,2,2247108.6
207,17,3,849420.82
208,4,5,228030.09
209,7,1,194522.53
211,8,4,1994680.39
211,6,3,1569707.93
213,2,3,125939.54
213,13,2,188031.79
214,7,3,181110.69
214,14,3,1279313.43
214,3,3,194905.76
214,8,4,2405648.99
215,16,3,2652116.27
215,6,4,1638867.99
216,2,2,128643.37
217,12,5,2724834.03
217,17,4,812505.36
217,10,5,2404266.14
218,13,3,203382.4
218,14,3,1106003.06
219,7,4,162900.89
220,17,3,974746.06
220,15,2,463288.71
220,2,4,129825.3
220,8,3,2265665.36
222,7,1,196065.42
223,4,4,221573.78
223,2,2,129294.22
224,1,4,346755.06
225,10,4,2645416.98
225,18,2,64624.97
225,12,1,2986868.13
225,9,5,3141194.17
226,11,1,31141.68
226,1,2,346036.82
227,12,3,2575638.59
228,4,5,259281.42
228,12,3,2553908.05
229,1,2,382774.48
229,10,4,2387670.18
230,8,5,2407281.06
232,10,2,2854186.87
232,17,5,846937.0
233,1,2,356046.82
233,11,2,28971.36
233,9,2,3384732.0
233,3,5,162102.08
234,16,2,2520107.73
235,18,1,61932.69
237,13,1,194329.69
238,5,5,627090.29
239,15,3,409715.91
240,7,5,166091.38
240,11,1,29857.48
240,13,3,200529.52
242,15,5,424939.48
242,4,5,218081.52
242,14,5,1152391.28
245,8,4,2167560.39
245,14,1,1197664.52
245,1,4,320144.35
247,4,5,223120.02
247,13,2,191000.64
248,12,5,2918805.57
248,3,4,197806.6
248,13,5,191795.91
248,11,5,30632.56
251,18,2,59160.84
251,12,2,2751735.6
251,13,4,195949.21
251,11,1,28875.29
252,2,3,116983.22
252,18,2,62241.85
253,9,1,2938383.86
253,2,1,110237.52
253,11,1,31467.53
254,2,2,121352.9
254,12,5,3055709.79
255,5,3,672101.72
255,11,4,29121.59
255,1,4,375766.45
255,12,1,3062303.23
256,3,3,174659.26
256,15,5,450667.13
256,9,2,3300311.23
256,5,2,695145.73
257,5,5,632782.94
257,10,3,2638532.0
258,5,5,711691.06
258,3,5,184088.64
258,13,5,181050.15
259,2,1,112329.99
259,14,3,1301169.01
260,4,1,224707.47
260,13,2,202652.84
261,18,1,55702.5
261,1,1,321423.04
261,14,5,1131631.89
262,18,4,58090.75
262,15,3,433047.36
262,1,3,369378.49
263,9,5,2934372.51
263,1,1,325890.59
263,3,5,163791.45
263,18,1,57265.23
264,12,4,2859962.56
264,1,4,334121.68
264,6,5,1384145.25
265,6,1,1434973.94
265,13,5,199465.31
265,10,3,2363617.03
266,15,5,409930.38
266,17,2,864255.49
266,16,2,2633674.76
267,6,3,1448436.71
267,9,1,3198326.61
268,2,2,111100.46
268,6,5,1561101.38
268,3,5,182114.05
269,9,1,3134125.55
269,8,1,2171936.62
270,16,1,2681055.01
270,14,5,1183028.23
270,5,4,677234.87
271,6,3,1384552.01
271,7,1,196783.19
271,10,2,2756687.52
272,9,4,3412496.58
272,12,3,2569352.73
272,11,1,28459.9
272,7,5,176416.19
274,14,3,1258993.16
274,16,2,2416534.31
274,9,2,2928882.8
276,10,5,2440829.93
276,13,3,194043.99
276,15,2,426264.2
276,8,2,2092626.02
277,7,5,167503.31
279,5,4,645313.9
280,3,5,178160.59
280,15,5,462869.26
280,7,5,173635.5
280,6,3,1395287.22
282,18,4,61576.62
282,2,3,122194.07
282,14,3,1201760.85
283,7,4,178268.9
283,9,1,3115992.06
284,15,1,463019.98
284,11,1,30690.05
285,9,4,3176135.46
285,5,5,709050.09
285,6,1,1484920.11
285,18,5,61822.05
286,2,5,119415.1
286,17,2,982390.02
287,14,1,1274632.03
287,1,3,383766.99
287,18,1,60054.59
288,8,1,2089007.24
289,15,4,452166.17
289,3,5,167714.86
289,2,3,130030.48
290,7,4,189880.73
290,13,5,182094.62
290,2,3,109581.88
292,6,4,1435244.09
292,7,5,193438.07
292,11,3,27489.01
292,10,2,2816708.16
293,5,4,601763.72
293,11,1,28857.49
294,11,3,31879.11
294,4,5,220485.74
294,7,4,180305.59
296,2,3,112326.31
296,11,2,29050.39
297,10,2,2457802.38
297,6,2,1396483.55
297,4,3,256532.56
299,3,5,192064.31
299,18,5,54452.97
299,2,3,129033.43
299,17,5,833588.83
300,7,2,167840.9
300,1,5,371633.06
300,11,2,31327.1
302,14,3,1242327.1
302,9,2,3500536.71
302,1,5,334944.96
303,5,2,654421.45
303,17,3,983807.39
303,9,4,3458543.58
304,3,3,186419.05
305,12,4,2778540.79
305,13,3,211124.96
305,16,5,2513729.89
305,9,2,3402810.39
306,5,2,698490.25
306,12,1,2879060.26
306,17,3,909817.33
306,15,1,469026.09
307,11,1,28710.38
307,9,2,3054586.43
307,10,5,2416621.3
307,7,4,165301.69
308,15,4,484616.68
310,13,1,195858.16
310,7,3,170488.01
310,1,1,341243.89
312,8,1,2349237.57
312,5,3,687879.48
313,5,1,622294.32
314,1,2,368118.88
314,16,4,2474300.74
314,15,1,486527.17
316,9,2,3414376.38
316,3,5,195848.13
317,8,5,2166232.09
317,17,3,852775.24
317,15,1,409297.45
317,2,4,123334.84
318,10,4,2372659.72
318,11,4,30580.43
318,16,1,2565977.47
318,5,5,616451.96
319,5,3,640801.06
320,6,3,1422169.27
320,7,4,168743.3
320,3,1,180845.44
320,4,3,219248.61
321,6,5,1502198.31
321,8,5,2223826.86
321,1,4,376133.2
321,10,1,2670548.81
322,14,3,1259355.98
322,16,3,2644260.01
323,15,2,470964.69
323,8,1,2319460.6
324,8,2,1999507.7
324,13,5,193541.89
325,14,4,1315396.6
326,12,2,2974438.7
326,6,1,1564813.52
326,5,4,589807.89
327,6,1,1587332.76
329,4,3,240738.41
329,13,5,198935.99
331,1,3,339988.19
333,8,3,2034769.0
333,9,3,3159648.89
334,10,4,2805211.5
334,13,4,193561.47
334,8,2,2198329.42
335,1,3,379701.73
335,16,5,2383360.35
335,6,1,1568124.4
337,4,5,263764.71
337,1,2,353183.21
337,18,3,55231.17
338,3,3,173033.85
338,9,5,3339304.26
339,15,4,436639.23
341,6,5,1649445.18
341,1,3,359762.85
344,4,3,240628.13
344,9,2,3489785.21
344,6,2,1604600.79
345,3,1,166544.28
345,18,2,63342.18
345,17,3,875187.1
346,5,1,663662.33
346,17,4,980788.24
346,11,3,29663.64
346,3,1,182661.18
347,18,3,58776.41
347,9,3,3039751.46
347,14,1,1086219.2
347,15,2,449913.96
348,6,5,1385328.3
348,15,3,468363.4
348,16,2,2748182.56
349,1,4,329012.48
349,6,2,1605847.89
350,17,2,971762.23
350,2,4,131934.3
350,7,3,186042.23
352,15,5,431132.61
352,12,3,2996762.75
352,8,2,2329226.41
352,11,5,28345.45
353,1,2,331571.53
354,2,1,116661.52
354,8,5,2142320.91
354,16,5,2314885.61
357,15,4,494963.55
357,9,4,3216445.22
358,16,5,2286875.36
358,18,3,61708.06
358,9,4,3178133.25
359,3,3,166620.05
359,4,5,246710.11
359,8,2,2317823.92
359,14,2,1183828.39
362,8,2,2113814.8
362,10,2,2507783.59
362,7,2,174456.83
362,18,5,64739.11
364,2,2,123241.37
364,3,5,171880.24
365,15,5,453013.02
365,16,5,2570493.71
366,2,5,111700.66
366,13,5,208825.31
366,15,5,435385.76
366,6,5,1362358.29
370,2,3,123627.12
370,14,5,1179980.83
370,7,1,179929.37
370,17,5,862140.9
371,14,4,1138770.7
371,4,4,230276.83
374,18,4,58987.46
375,4,2,232329.24
375,7,2,173252.97
375,10,3,2721783.87
376,14,4,1111383.88
376,2,3,120359.52
378,9,2,3178542.44
378,12,3,2771773.77
379,4,1,218429.05
380,5,5,639357.52
380,1,2,371943.45
380,7,5,187960.62
381,18,2,59979.19
382,18,4,59985.12
382,10,3,2598632.54
382,17,1,980141.9
382,2,5,118973.54
383,16,2,2541672.06
386,17,4,917553.38
386,4,4,229715.92
389,8,2,2368280.52
389,5,3,684301.38
389,6,3,1363572.72
391,2,5,112671.73
391,9,5,3064705.09
391,6,4,1501276.66
391,7,5,172069.94
392,17,5,831385.98
392,15,1,440451.33
392,3,3,182081.95
392,12,3,2942780.5
393,8,5,2204013.91
394,17,1,818154.6
394,8,2,2293980.41
394,4,4,240927.97
394,16,2,2553130.26
395,1,2,337957.61
395,3,5,173467.08
395,8,4,2415870.92
395,2,3,122249.39
396,7,5,181164.23
396,12,5,2687882.72
396,4,1,233681.17
396,5,1,712386.74
397,16,3,2648377.41
397,13,1,203876.38
397,12,3,3061559.59
397,1,5,355434.41
399,16,4,2335256.03
399,11,5,31647.64
399,12,4,2602754.4
399,2,2,108757.69
401,8,1,2174056.97
402,10,2,2554739.26
402,9,2,3142641.54
402,5,5,704667.72
404,4,5,225952.4
405,15,4,452292.94
405,5,3,709369.11
406,3,5,174323.77
406,7,3,186331.27
406,4,3,245283.68
407,14,2,1146961.54
408,16,2,2720742.77
408,2,3,126508.18
409,6,4,1445112.22
410,11,5,32602.2
410,6,3,1436336.81
411,3,5,175668.99
411,4,4,255282.12
411,1,2,335331.69
411,11,3,32731.88
413,6,4,1546791.62
413,4,4,226271.37
414,10,3,2825172.45
414,5,3,602845.48
414,12,5,2934898.95
414,8,2,2086681.54
415,13,2,205517.78
415,17,1,828035.63
415,9,3,3339109.16
415,11,1,31087.15
416,12,1,3060130.51
417,16,4,2576446.4
418,1,4,360537.71
418,12,3,2699853.91
418,11,1,32447.62
420,15,2,453163.7
420,5,1,703719.86
420,9,2,3147446.39
420,8,2,2390925.95
422,17,4,843536.09
422,15,3,483906.89
422,1,1,335887.45
423,17,1,977121.87
423,13,3,191382.47
423,4,5,241167.29
423,18,2,64212.72
424,14,3,1126274.74
424,6,1,1449205.23
424,17,4,926691.36
425,12,1,2932506.02
426,18,5,62092.81
426,5,2,607814.34
427,13,4,200611.23
427,17,1,882149.98
427,1,1,327934.68
428,16,4,2411800.84
429,7,1,171388.27
430,4,4,252180.32
431,8,3,2236282.73
431,5,5,586486.65
432,8,2,2007334.71
432,1,1,347577.65
433,6,4,1555822.09
434,15,1,462484.02
434,17,3,876157.9
435,10,2,2837827.48
436,12,2,2774788.06
436,15,5,438626.24
436,8,5,2381630.63
437,1,2,368330.17
437,10,5,2794030.23
437,3,1,180918.24
437,7,5,187335.58
439,18,1,54741.1
439,4,5,259338.63
439,7,2,182617.26
439,2,2,111948.89
440,18,4,55394.88
440,9,2,3338827.5
440,6,4,1377282.49
440,14,5,1186915.85
442,17,2,902384.61
442,18,4,60766.93
442,15,5,446614.05
443,18,1,58751.38
443,12,1,2937650.51
444,18,1,54543.48
444,4,3,249618.47
444,6,5,1648237.1
444,16,1,2743068.62
445,10,1,2489287.17
445,18,2,63227.66
445,1,4,341212.26
446,7,4,193306.33
446,3,4,175523.24
446,4,5,222383.51
447,15,1,421062.63
447,3,5,176150.11
448,9,2,3414285.83
450,6,4,1552049.96
450,12,5,2757511.7
451,3,2,170910.43
451,17,3,837921.85
451,6,2,1631223.11
454,15,5,473944.81
454,4,1,227551.98
454,18,1,55210.76
456,10,5,2689452.29
456,7,1,170810.43
456,1,1,343158.57
457,8,5,2075598.45
459,14,5,1318436.03
460,11,5,28913.42
461,6,3,1421071.21
461,2,2,131656.69
461,15,5,424893.85
461,10,3,2483080.04
462,4,5,258226.27
462,3,2,184535.75
462,18,4,60670.21
462,11,1,32833.74
463,1,5,337311.41
463,12,4,2748625.14
463,15,3,438881.42
464,11,4,28445.81
464,1,2,336051.55
464,8,2,2334541.51
464,13,1,202495.44
465,17,5,905398.53
465,16,4,2371429.26
465,18,2,57963.16
467,16,3,2296232.0
467,14,2,1092368.79
467,13,4,206946.88
468,5,1,698570.66
468,12,2,2970604.35
468,2,5,125383.33
468,9,5,3018890.57
469,11,3,28819.13
471,13,2,218483.1
473,7,2,187042.55
473,13,2,195865.28
473,1,2,353645.55
474,11,4,29797.5
474,7,3,173103.2
475,1,5,376796.84
475,9,4,2943109.27
476,16,3,2707165.25
476,17,3,866325.96
476,13,1,202500.99
477,15,2,406459.79
478,6,5,1523742.88
478,4,4,230169.23
478,12,2,2704724.56
478,16,4,2534894.76
479,10,4,2626334.12
480,4,3,252641.31
480,3,4,196794.3
481,4,4,224075.22
481,2,3,112062.38
481,11,5,29929.9
482,12,1,2813408.87
482,10,1,2831497.82
482,11,1,31586.03
482,3,4,166949.7
483,4,1,249944.14
485,17,5,892081.74
487,8,5,2381610.64
487,15,4,406415.86
487,13,5,202065.74
487,7,1,162602.14
488,9,5,3505586.78
488,14,1,1200531.85
489,17,2,829262.96
489,10,1,2612680.41
489,5,2,609951.17
490,12,3,2976520.06
490,4,3,254156.94
490,6,1,1461915.48
490,13,4,198359.91
491,7,2,172799.09
495,9,4,3121388.52
495,7,4,164020.14
495,4,1,249736.57
497,9,4,3292740.63
497,2,3,121580.56
497,4,1,258949.98
499,1,2,378089.11
500,3,4,171759.42
500,2,1,124426.29
500,7,3,194375.22
500,16,5,2579054.62
501,11,3,27093.95
502,12,5,2600747.27
503,4,1,230365.29
503,10,5,2465045.54
503,6,4,1553110.49
504,14,3,1172123.09
504,17,2,952289.66
504,12,1,2800444.0
504,4,3,218577.43
505,12,2,2989657.81
505,18,3,61262.02
505,13,5,218194.34
506,18,3,54355.51
506,14,3,1268051.55
506,13,4,199624.14
507,1,5,380880.0
507,8,4,2061724.65
508,13,4,183427.76
508,16,5,2397689.74
508,1,2,364917.6
508,18,1,57215.66
509,3,2,188627.59
509,17,3,874926.04
509,15,1,405467.57
510,10,4,2527157.1
510,13,3,184089.26
512,9,4,3167259.95
513,3,5,176689.59
513,13,1,183584.75
513,7,5,165350.31
513,9,5,3382040.78
514,2,1,115004.34
514,1,4,369541.84
514,9,5,3459332.85
515,11,5,30126.63
516,16,2,2319420.03
516,5,3,619892.88
516,9,2,2920490.98
517,3,3,177159.68
517,15,4,475440.0
517,7,3,171061.19
518,11,4,30562.84
519,16,4,2303486.18
520,2,1,130771.76
520,5,3,694409.74
521,9,3,3161742.67
521,2,4,127571.41
521,6,5,1390837.34
522,13,5,217891.16
522,6,2,1493702.92
523,2,4,131249.41
524,17,4,984197.36
524,3,2,173731.9
525,14,4,1167603.73
525,4,5,225590.4
526,10,2,2694490.57
526,15,5,407422.45
526,4,4,261262.8
526,8,2,2172920.18
527,12,1,2978620.72
527,2,4,124151.46
528,12,3,2655531.85
529,4,4,253875.68
531,17,5,896262.25
531,15,4,453093.07
531,11,4,30261.87
532,6,5,1528145.98
532,4,1,221249.73
533,11,3,27998.03
534,17,1,911379.65
534,13,4,218672.45
534,4,3,262354.41
534,12,4,2579328.95
536,13,2,200427.05
536,11,5,30347.96
537,15,2,445120.07
537,14,4,1191135.17
537,8,5,2283792.41
537,11,2,29069.8
539,1,1,335680.26
539,7,1,166178.5
539,14,2,1163598.88
540,8,4,2325078.8
540,12,5,2790438.56
541,16,1,2469082.97
541,6,4,1445672.84
541,12,3,2545022.51
544,4,1,248502.69
544,13,2,217196.9
545,3,5,168280.32
546,1,3,354189.43
547,10,2,2754833.01
547,8,2,2062010.25
547,6,4,1468674.71
548,2,2,118789.8
548,16,4,2444417.89
548,6,2,1411735.34
548,14,1,1218563.5
549,9,2,3114107.54
549,18,2,59490.61
549,7,3,186145.25
549,13,4,201108.6
550,10,5,2542092.42
550,15,4,457830.42
551,9,3,3421131.39
551,3,5,168210.99
552,16,5,2545084.18
552,18,2,57758.23
553,15,3,415525.4
554,7,2,180389.7
554,9,4,3261712.52
555,3,4,177229.4
555,11,4,30813.01
555,9,2,3235144.05
555,10,4,2490194.08
556,13,3,213679.41
557,14,1,1287725.34
557,12,1,2791380.99
557,2,2,127565.18
557,9,5,3203480.33
558,18,4,62216.36
558,4,4,250086.83
558,10,4,2594123.75
560,10,1,2753858.06
560,14,2,1150101.58
560,2,3,113396.24
560,7,3,168055.52
561,12,5,2935810.22
561,14,4,1211934.28
561,11,1,30436.28
562,13,5,212931.31
562,10,3,2621862.56
564,3,5,169867.51
564,12,4,2577353.21
564,14,2,1151450.14
566,16,3,2424288.49
566,18,1,59268.84
566,12,1,2954353.72
567,16,2,2655351.36
568,5,3,696936.33
568,8,5,2258419.08
568,3,2,184181.44
568,13,2,212541.19
570,18,3,60387.37
570,8,5,2217058.16
570,1,3,383530.01
570,3,3,172416.0
571,4,5,263303.44
571,2,1,111254.13
572,3,1,197729.5
572,2,2,124834.24
572,4,2,227984.51
573,3,2,189413.05
573,7,4,179620.51
574,3,3,184601.26
574,12,4,2773115.36
574,13,1,196114.03
574,14,3,1246728.87
575,17,4,981045.73
575,9,3,3252451.55
577,1,3,374507.44
577,17,5,881588.86
577,11,4,31949.09
578,6,3,1446859.54
578,14,3,1161061.24
578,10,5,2407909.01
579,14,3,1294597.12
579,10,1,2363890.32
579,8,4,1987163.8
580,15,4,446086.63
581,13,2,219827.76
581,4,2,258343.09
581,8,3,2049950.08
582,2,1,123710.11
582,10,3,2382858.68
583,9,1,3133658.6
584,8,2,2168861.61
584,16,1,2601849.02
586,13,4,183117.55
587,11,2,30116.67
587,18,4,54111.44
587,10,3,2764896.69
587,15,4,467462.79
588,4,1,226989.45
588,5,1,679999.24
588,16,1,2301600.77
589,18,3,55645.55
589,15,2,462741.85
590,16,1,2515254.14
592,9,2,3161663.63
592,7,2,184610.88
592,11,2,32519.36
592,15,5,466790.96
593,7,1,194277.35
594,3,1,183224.66
595,17,3,983384.77
595,15,3,476196.9
595,2,2,114647.22
597,3,5,183635.97
598,12,3,2956223.01
598,8,1,2353072.53
598,2,3,112930.7
598,1,5,350666.58
599,9,3,3293548.66
599,18,2,59938.65
599,6,1,1422324.53
600,11,1,30169.72
600,6,1,1646064.76
600,2,3,111167.59
600,12,5,2755683.58
601,3,2,189458.13
601,16,1,2258344.7
601,14,1,1083310.42
601,17,2,817168.84
603,6,5,1435946.34
603,17,5,948079.8
603,8,4,2288796.68
605,18,5,61392.56
605,4,3,220012.66
605,11,1,30067.83
605,8,2,2408697.89
606,8,5,2123770.13
607,5,1,625322.03
607,14,4,1255190.01
607,17,2,820423.07
607,7,1,195286.6
609,15,5,459794.92
609,9,3,3306290.93
609,7,2,166299.95
610,16,1,2331916.32
611,10,5,2608955.88
611,4,3,224014.22
612,5,3,680281.66
615,15,4,429478.25
615,7,1,171466.19
616,3,1,179861.31
616,13,5,194404.96
616,7,4,192936.95
616,4,2,233649.01
617,17,1,970968.32
617,11,1,28370.43
618,15,1,408963.41
618,11,1,28467.31
618,13,4,194559.06
618,7,2,168442.59
620,5,4,614186.99
620,12,2,2753103.7
620,9,3,3053605.09
620,15,1,456438.24
622,18,1,56152.13
622,2,5,131553.93
622,11,4,27413.56
622,17,4,965885.8
623,17,3,825549.39
623,13,4,180318.77
624,10,3,2633179.51
625,14,5,1138220.16
625,3,3,183300.87
626,4,2,251158.24
626,12,5,2945870.04
626,14,2,1116135.93
627,17,1,851939.59
627,2,3,123262.6
627,10,1,2834514.94
629,9,3,2946527.37
629,15,5,493480.42
629,5,4,648963.75
631,14,3,1102326.39
632,18,5,58956.68
633,1,4,383218.84
633,17,1,914538.71
634,12,2,2876840.78
634,15,4,411734.74
634,16,5,2281141.43
634,11,2,28420.63
635,2,3,130225.01
635,7,4,187226.12
636,6,3,1485827.36
636,7,2,164688.75
637,3,2,190077.73
638,15,1,418986.95
638,18,2,59394.8
638,9,3,3140168.03
638,5,5,631577.37
639,15,4,432747.69
640,7,1,165255.15
640,9,3,3408887.48
641,4,1,226321.0
641,11,3,27889.94
641,18,2,65620.8
641,1,4,350942.18
642,18,3,63841.08
642,5,2,589040.67
643,15,4,455035.84
643,12,5,2659917.47
643,4,4,220891.55
644,7,1,162430.45
645,12,2,2630954.5
646,15,3,466765.67
646,1,1,355762.67
646,6,3,1625228.57
650,8,4,2336091.41
652,2,1,109024.71
652,17,4,819114.79
653,1,4,372517.98
653,9,4,3197520.89
653,10,4,2695270.72
653,8,2,2135735.03
654,12,3,2676718.55
655,9,1,3273028.21
656,18,2,61767.34
656,12,4,2750715.64
656,3,5,179245.11
656,14,1,1147146.24
657,11,4,28196.75
658,4,2,246276.21
658,8,5,2329732.35
658,7,4,190148.97
658,3,3,179268.64
659,4,3,259808.5
659,8,5,2121505.94
659,11,3,28078.9
660,6,5,1415706.06
660,8,3,2005780.14
661,15,5,437168.96
661,9,5,3519747.68
661,1,2,322009.4
662,6,3,1510106.87
664,15,5,481185.46
665,17,3,978337.09
665,7,2,168339.61
665,8,5,2119921.92
666,8,5,1992410.89
666,9,3,3486437.59
667,10,2,2632816.62
667,3,2,192121.09
667,8,4,2218534.82
667,4,2,239540.95
670,15,5,424692.8
671,9,4,2880437.44
671,11,5,28208.79
671,14,2,1161782.17
671,8,2,2384263.55
672,16,1,2260956.45
672,12,5,2914629.95
673,2,1,128315.54
674,17,1,877246.34
674,4,4,244128.8
675,6,3,1446780.96
675,2,2,125576.45
676,3,4,185370.49
676,4,2,249944.78
676,6,5,1558068.12
677,2,3,113357.69
677,15,5,478300.88
677,9,4,3076366.87
677,16,3,2313674.18
679,15,4,481568.13
679,16,5,2266191.37
679,17,5,867279.04
679,11,5,28325.37
680,11,1,32620.13
680,8,2,2125714.11
680,15,1,426419.63
680,9,3,2987447.95
682,13,4,180455.82
682,16,2,2374770.43
684,1,3,370091.4
684,10,1,2365036.68
685,7,4,196887.67
685,14,4,1198339.68
685,15,4,436610.81
686,5,1,692744.91
686,6,5,1545290.87
686,12,2,2611087.65
689,3,1,173473.81
689,6,1,1372260.12
690,16,4,2330452.25
692,12,1,2709252.33
692,6,5,1617967.85
692,5,1,641072.03
692,3,2,183863.43
693,14,2,1092853.38
693,2,3,112933.21
693,5,2,638206.38
694,9,5,3049769.45
694,16,3,2398700.32
694,8,1,2001839.59
694,5,5,656456.14
695,1,2,318815.34
695,2,1,118262.54
695,3,3,191660.3
696,1,4,328977.24
696,11,1,28241.72
696,18,3,65724.69
696,17,4,961878.43
697,16,4,2485472.23
697,11,3,27546.82
698,16,4,2342440.61
698,4,4,233731.28
698,14,4,1090708.06
698,10,4,2581830.14
699,13,3,202569.86
700,8,1,2017711.22
701,18,5,58967.84
701,8,5,2080105.61
703,9,5,3147924.53
703,4,5,248979.26
703,18,4,60872.57
704,11,4,28793.11
705,12,1,2801176.82
705,7,5,190816.21
705,16,5,2323723.83
706,4,2,261554.95
706,6,2,1641649.46
706,1,2,323833.02
707,3,1,197578.08
707,11,4,28211.52
707,2,2,128018.59
708,14,3,1298593.08
708,4,1,220177.32
709,11,4,30312.33
709,4,3,240945.03
709,6,1,1585965.19
709,10,5,2645539.57
710,14,1,1179466.18
710,1,2,354661.57
710,11,5,31550.26
713,11,1,31714.47
713,3,5,193684.89
713,12,4,2667916.51
713,15,4,456482.09
714,18,1,56066.4
714,16,4,2321926.34
714,8,5,2279557.66
715,8,1,2154148.81
715,10,3,2699067.15
715,9,1,3357279.88
716,7,3,162728.38
716,14,3,1154627.83
717,5,1,711424.56
717,9,2,2966006.73
717,1,4,369182.16
718,11,3,31372.8
718,8,5,2264044.12
719,11,4,28268.34
720,18,4,63113.92
720,11,3,31926.1
720,12,5,2963234.62
722,9,5,3138166.49
722,17,5,968279.87
724,10,2,2795093.89
725,12,1,2659714.55
726,15,1,487622.8
726,17,2,859315.95
726,5,4,650666.43
729,15,3,448990.81
730,6,2,1638156.11
730,8,4,2238227.31
730,1,3,339097.43
731,13,1,191402.78
731,2,4,109191.63
732,5,2,696424.45
732,1,2,362438.67
732,11,3,30909.52
732,17,5,813609.42
734,12,2,2882528.07
734,11,5,31805.19
734,17,2,855430.28
735,8,3,2166474.99
735,1,4,374611.03
736,7,3,169855.53
736,17,3,931895.31
736,6,5,1469145.76
739,9,3,3239332.56
739,18,5,61308.6
739,2,3,124425.92
739,12,4,2555748.75
740,15,3,482534.24
740,5,3,670295.55
741,9,2,2975954.75
741,14,2,1295924.89
742,3,4,185779.09
742,17,2,939830.98
742,14,4,1319392.58
742,8,3,2379041.09
743,17,4,942611.78
743,12,5,2916518.62
743,16,5,2658007.35
744,6,2,1555895.43
744,3,4,194634.95
745,2,5,115204.68
745,15,2,480657.48
746,8,2,2109264.98
746,6,4,1388383.24
746,4,3,250808.96
746,7,5,189465.06
747,8,3,2267951.24
748,18,3,56679.94
749,8,4,2326759.79
749,12,3,2728142.16
750,11,3,29782.56
750,13,1,198821.46
750,17,5,914456.36
750,3,5,164563.77
751,17,5,831566.87
752,14,5,1151605.38
752,4,1,257800.76
752,3,2,166945.15
753,15,3,441827.27
754,3,4,167156.07
754,2,2,126694.59
754,16,4,2416314.72
754,6,2,1444024.22
757,12,3,2637254.13
757,10,2,2639665.04
757,17,2,898123.88
759,3,5,177613.61
760,15,4,443612.29
760,5,4,634831.13
760,16,1,2516891.3
761,15,1,485280.58
761,11,5,28143.46
763,10,2,2700632.87
764,11,3,27773.58
764,6,4,1501000.94
765,1,2,319570.09
765,3,1,172735.28
766,1,4,365948.23
766,2,5,120578.82
767,16,2,2421366.42
767,17,4,874665.16
767,13,2,186595.34
768,15,1,425557.65
768,12,2,2638266.53
768,8,1,2239464.85
769,8,1,2141300.24
771,11,3,31627.5
771,8,5,2001378.26
771,14,1,1238872.78
775,18,4,58563.05
775,12,5,2661533.44
775,6,2,1411648.47
777,13,4,206466.58
777,9,5,3052785.38
778,9,2,3148048.48
778,3,1,180417.05
778,8,5,2031803.21
778,16,1,2642380.03
779,10,2,2656680.94
779,11,3,31988.99
779,2,2,116590.12
780,6,3,1398112.08
780,1,5,349744.83
780,14,2,1245168.94
781,13,3,189380.21
781,12,1,2896114.55
781,4,1,256091.14
782,11,2,32696.68
782,14,5,1098011.57
782,4,1,259429.41
783,12,4,3073652.92
784,10,3,2581424.23
784,18,1,63758.14
786,5,3,689207.49
786,14,3,1182238.85
791,10,2,2510903.63
792,10,5,2479520.89
792,11,1,29235.73
792,14,3,1123888.66
793,2,4,131095.44
793,18,3,64028.5
793,16,4,2649949.55
794,6,1,1389753.47
796,16,1,2458013.86
797,2,4,127254.35
797,13,4,187250.42
797,12,4,2956332.0
797,5,5,588746.11
798,5,4,704651.74
800,1,4,318218.06
800,4,3,247438.73
800,11,1,31227.41
801,7,5,188055.85
801,12,2,3067621.51
801,13,3,200763.99
801,4,5,220571.62
802,5,4,629947.43
803,16,2,2669516.51
803,2,5,129409.49
803,7,5,163964.38
804,6,5,1604653.67
805,6,2,1372459.57
805,11,4,28923.8
805,3,3,196925.22
807,11,2,30302.97
807,14,4,1176786.48
807,16,2,2289415.3
807,17,4,954227.03
808,11,1,32139.54
808,15,4,433445.54
808,18,4,62942.87
811,13,4,181433.28
811,7,5,162006.11
811,17,1,952520.99
812,16,3,2695055.45
812,2,5,112964.43
812,12,4,3052198.87
812,13,3,213012.44
813,2,4,115967.34
814,17,5,895164.06
814,7,3,187772.89
814,18,1,55169.24
814,2,2,108052.73
815,12,3,2826706.73
815,5,3,676272.49
817,1,4,324831.44
818,13,1,190171.57
818,3,2,168751.56
818,9,4,3017977.28
819,6,3,1382329.72
820,4,1,260478.07
820,5,5,601018.49
820,15,4,446164.91
821,7,5,166846.9
821,16,4,2252168.81
821,10,1,2627677.69
821,13,4,213552.64
822,9,5,3379892.16
822,4,2,249207.25
822,1,2,366134.63
823,12,1,2736947.12
824,15,5,484442.63
824,7,5,193730.06
824,16,4,2739750.38
824,5,2,620567.46
825,6,3,1485853.71
825,3,2,166974.48
826,13,5,191956.53
826,1,5,375249.53
826,16,5,2566291.64
826,15,2,423874.14
827,1,3,379483.42
827,8,2,2411787.62
828,8,5,2218696.25
829,13,1,210431.0
829,1,5,348625.89
830,13,4,206969.74
830,1,5,335014.96
830,7,4,191098.97
830,6,5,1381941.14
831,7,2,163910.34
831,14,1,1127976.58
831,3,2,197407.17
832,16,2,2669690.91
832,9,3,3010560.58
833,18,1,58304.19
833,17,4,828446.4
833,8,5,2360530.25
833,16,5,2444443.33
834,1,3,363505.53
834,15,1,488383.63
834,17,4,884981.92
834,13,3,218633.33
837,18,2,61446.74
837,1,4,373098.84
838,3,5,181678.14
838,18,5,56357.63
839,11,3,29692.89
841,14,2,1256419.08
843,11,1,29571.05
843,2,5,114341.75
843,8,2,2236953.87
844,2,1,115933.51
844,18,2,54479.29
845,8,5,2002376.39
845,5,5,694608.2
846,12,4,2962348.58
846,13,5,194323.42
847,12,5,2643178.73
847,18,2,60247.28
848,12,2,2752921.5
848,5,5,637444.22
848,3,3,169963.13
848,15,2,464700.1
849,7,3,172568.68
849,14,5,1207319.73
850,14,1,1107533.27
850,4,3,237392.03
850,1,5,379302.51
850,6,2,1637669.04
851,3,4,194973.57
851,6,1,1465762.78
852,3,3,162889.41
852,7,5,191595.93
852,16,3,2507154.53
852,5,5,642922.4
854,3,2,173531.26
854,10,1,2833070.15
855,8,5,2214610.56
857,8,2,2360578.38
858,7,1,169400.86
858,5,4,669052.95
858,6,1,1574067.25
859,9,1,3173904.15
860,4,1,220201.0
860,3,1,168407.72
861,8,5,2010994.52
861,12,2,3030152.48
862,17,4,891202.62
862,8,4,2170531.02
862,9,1,3129281.2
864,2,1,123394.15
864,14,5,1095177.02
864,7,5,163638.61
864,12,1,2720312.08
865,4,1,229912.16
865,7,3,183836.37
865,3,3,189549.87
865,16,4,2440706.79
867,15,2,453012.1
867,7,2,188883.14
867,9,5,3068786.22
868,10,3,2692190.3
869,16,1,2526762.09
869,5,5,603378.6
872,11,5,29364.49
872,4,5,261455.01
872,18,3,56520.63
872,10,3,2450103.21
873,16,2,2330477.18
873,15,2,460519.64
873,12,3,2628822.68
873,10,2,2688908.51
874,6,1,1605416.32
874,4,5,238140.73
874,10,5,2378035.18
874,2,1,114016.5
875,11,5,29923.14
876,7,3,166615.75
876,13,2,184001.8
877,17,1,972021.35
877,13,3,199434.45
877,8,3,2251190.67
877,4,3,249285.99
878,17,5,912035.14
879,14,4,1120473.48
879,2,3,113908.2
880,2,4,114640.32
881,12,2,2900564.9
881,10,3,2796500.63
882,17,4,874573.49
882,5,3,648306.28
882,11,1,28054.62
883,1,1,373925.51
883,15,2,485216.73
883,2,2,114317.63
883,9,1,3345552.24
885,18,1,63751.71
885,10,5,2550669.92
885,8,5,2073614.7
885,6,1,1515478.2
886,18,5,59665.25
886,3,2,175169.47
886,13,2,215657.5
886,10,5,2721277.95
887,1,2,347529.08
887,10,5,2387088.09
888,4,5,216508.4
888,18,2,64175.78
889,16,2,2628603.04
889,7,2,178063.94
889,14,2,1215925.74
889,15,5,464347.2
890,15,4,489525.77
892,10,4,2460509.95
893,15,3,426061.68
893,4,2,240858.49
894,18,4,59636.09
894,7,4,193735.87
896,13,1,208149.45
896,9,5,3285482.87
897,5,3,660222.09
897,4,5,224344.79
898,13,3,203507.15
898,11,1,30099.98
898,18,4,65672.09
899,7,5,176610.32
900,11,4,31755.94
900,15,5,405593.79
901,16,4,2332802.91
903,3,3,169614.62
903,6,2,1397207.21
903,7,5,187822.9
903,15,1,464499.87
904,9,3,3340963.62
904,8,4,2277100.95
904,11,4,28264.22
905,3,4,162808.06
907,13,5,203693.91
908,3,5,163410.87
909,12,2,2551310.72
909,2,3,130138.72
909,7,5,196496.58
909,8,5,2406467.22
911,9,1,3018619.79
911,4,5,263653.24
912,4,2,226529.46
912,16,4,2550419.36
912,15,5,478840.79
913,14,5,1238315.7
914,6,2,1567256.04
914,9,3,3470305.24
915,10,5,2375798.31
915,18,4,58625.54
915,3,1,162596.25
915,13,5,214383.67
916,16,4,2663257.09
916,17,5,827333.74
916,18,4,64819.3
916,10,5,2360299.01
917,8,5,2311048.59
917,1,1,348756.87
917,12,2,3025111.46
917,10,5,2770311.32
918,18,5,59048.21
918,13,1,207905.71
918,12,4,2648512.3
919,6,4,1455155.34
919,12,5,2574721.47
919,10,2,2472349.37
920,15,1,430494.0
921,7,4,171280.98
921,16,1,2604574.42
921,2,1,121871.69
921,18,1,60237.14
922,1,2,363143.67
922,15,3,441796.06
922,11,1,27928.67
923,3,3,171406.9
923,13,5,196942.46
923,17,3,920138.52
923,12,4,2942784.26
924,8,5,2324866.9
924,12,4,2620082.97
924,4,5,242635.75
925,3,3,182795.44
925,18,4,62829.39
927,3,4,190191.93
928,18,1,56573.5
929,16,3,2650426.87
929,15,5,467735.17
929,4,1,223715.42
932,13,4,217034.47
933,8,1,2008195.4
933,1,2,340958.46
933,7,5,163359.19
934,16,4,2556982.8
934,7,5,172312.89
934,1,5,319022.41
935,11,4,29633.83
936,9,5,3063044.17
938,7,5,180569.29
938,16,2,2557594.99
938,17,1,874753.2
938,3,1,197123.25
940,4,4,232950.13
940,3,4,176596.23
941,14,5,1083687.97
944,8,3,2299501.03
944,16,5,2707504.49
944,3,3,174509.1
944,2,3,113431.09
945,17,4,977348.49
946,5,1,618943.98
946,18,4,60074.86
946,17,5,823029.47
946,13,3,193598.64
948,2,3,129026.71
948,16,5,2375070.75
948,5,4,710587.21
948,1,5,348854.09
949,5,3,709961.03
950,6,4,1618957.15
950,8,1,2192066.87
950,12,3,2557830.39
951,1,2,371011.3
952,4,3,240792.2
952,12,1,2912458.39
952,9,3,3038884.87
954,18,3,54912.35
954,16,2,2488277.73
954,6,3,1415569.84
955,8,3,2060425.16
955,1,2,349929.95
955,10,2,2462127.91
955,17,2,967093.65
956,1,2,329193.66
957,3,5,174816.99
961,9,5,2884239.15
961,11,5,32747.96
961,10,4,2533022.2
962,9,4,3454797.57
962,4,5,257700.9
963,4,2,263250.94
963,7,5,172089.6
963,1,2,367511.86
964,9,1,3216470.68
965,17,4,979137.8
965,14,1,1200594.05
965,5,4,696852.02
966,5,4,711945.94
967,16,4,2407825.63
967,12,1,2526619.19
967,15,2,439148.52
967,4,1,231620.94
968,9,3,2999777.56
968,10,3,2463312.36
968,11,4,32751.16
968,17,3,875866.35
969,10,4,2449476.89
969,16,3,2432538.99
969,1,4,334574.07
970,3,5,166721.01
971,16,2,2657095.33
971,7,3,190947.15
971,3,5,177559.88
971,10,4,2441952.87
972,15,4,477510.15
973,13,4,199983.91
974,1,5,365439.22
974,9,4,3072021.88
974,14,5,1286040.48
974,8,1,2155296.84
975,12,1,2640661.7
976,14,4,1281353.21
976,2,1,118796.52
977,7,3,174994.63
977,2,5,121379.8
978,12,3,2531107.79
978,17,1,873196.29
979,8,2,2233815.65
979,14,5,1121889.32
979,18,3,58261.31
979,16,5,2493746.87
980,11,1,29286.43
980,12,3,2779701.17
980,14,2,1288381.84
981,11,4,30787.64
981,15,5,441429.54
984,8,3,2080415.89
985,4,3,250100.81
985,11,5,30867.87
986,17,4,950575.33
986,4,3,251898.98
987,5,4,638818.58
987,2,2,128501.08
987,17,2,940999.03
987,15,3,489639.36
989,10,2,2546463.7
992,6,5,1366147.63
992,9,4,3215348.99
992,2,1,110494.28
993,16,2,2292155.63
993,14,4,1154248.96
993,1,2,366631.53
993,9,4,3280947.64
994,10,5,2776029.25
997,5,3,697351.35
997,14,4,1313995.57
998,5,3,656310.89
998,15,2,492258.8
998,6,5,1403110.99
998,2,5,118957.04
999,6,4,1507037.94
999,12,5,2693410.34
999,2,3,119559.64
999,15,2,477423.7
1000,17,3,875841.0
1000,14,3,1117372.21
1000,1,1,315006.46
1001,12,3,2680586.86
1002,16,1,2593884.98
1002,6,4,1634087.25
1002,12,4,2687781.89
1002,11,4,31787.79
1003,6,2,1589030.22
1003,4,5,233934.91
1003,2,4,129171.89
1003,17,4,881055.37
1004,13,4,213137.07
1005,17,3,824257.75
1006,16,5,2632269.15
1007,7,3,172248.37
1007,17,5,955585.56
1007,4,4,225024.03
1007,13,1,187296.29
1008,2,1,123285.43
1008,12,5,2773549.65
1009,13,4,187511.58
1009,17,1,837386.87
1009,4,5,217062.28
1009,14,1,1147707.49
1010,10,4,2718095.68
1011,16,1,2325341.85
1012,5,2,629448.67
1012,8,3,2325719.15
1012,1,4,384857.44
1013,6,1,1449074.59
1013,3,2,164017.38
1013,14,4,1097132.33
1014,1,2,328453.46
1014,16,3,2658625.36
1014,4,1,221854.15
1015,8,4,2319339.15
1016,5,2,680890.47
1016,18,1,56390.16
1016,4,1,241014.68
1017,3,4,176008.43
1018,13,3,186344.46
1018,10,1,2727256.78
1019,16,5,2311070.76
1019,13,4,205540.8
1019,10,2,2527421.86
1019,7,1,193091.68
1020,15,1,426236.93
1021,17,3,812712.19
1021,8,3,2237266.62
1021,11,4,31734.86
1024,18,4,62260.88
1024,15,2,438425.88
1024,7,1,170954.0
1024,10,4,2387528.81
1025,16,3,2715424.39
1025,18,1,54717.3
1025,8,2,2288584.38
1025,6,1,1387748.24
1026,1,3,383717.3
1027,6,4,1569956.65
1027,15,1,467032.5
1028,12,2,2660389.9
1028,17,1,897354.38
1029,3,5,172609.73
1029,11,4,28138.66
1029,10,2,2622682.68
1030,7,4,171911.68
1030,9,5,3465263.36
1031,11,2,27413.26
1031,9,2,3167605.89
1031,18,3,60499.27
1031,1,4,315050.39
1032,5,4,680375.51
1032,18,1,61436.82
1032,6,3,1582804.97
1032,10,2,2506760.93
1034,6,4,1406960.84
1034,9,4,3370069.82
1034,1,2,357912.75
1034,13,3,196392.18
1035,13,1,183850.25
1035,12,1,2544515.27
1036,7,2,193445.74
1037,18,1,59824.44
1040,18,4,61895.06
1040,6,5,1537191.15
1040,16,5,2377969.27
1040,13,3,188828.91
1043,7,4,195422.53
1045,14,1,1166622.25
1045,12,4,2980334.85
1045,8,1,2342402.91
1046,11,5,27243.92
1046,14,1,1280269.56
1048,12,5,2574386.78
1049,4,5,234495.89
1050,9,5,3300400.97
1051,10,2,2630380.21
1051,15,5,442366.61
1051,12,1,2949118.72
1051,3,5,174886.68
1052,4,4,258375.55
1052,14,2,1270190.78
1052,15,5,441140.15
1053,14,2,1208136.11
1053,3,5,177948.44
1054,17,3,909014.64
1054,1,3,374139.78
1055,8,4,2343508.19
1055,12,3,2860711.49
1055,3,5,181642.54
1056,8,5,2387504.65
1056,16,3,2430004.27
1056,6,4,1484249.94
1057,3,1,188147.28
1057,16,3,2547881.41
1057,4,5,222484.11
1058,11,1,28802.0
1058,18,2,56577.87
1059,8,1,2319470.15
1059,11,3,32514.67
1060,7,5,182544.06
1060,1,5,325830.04
1060,5,1,644848.07
1060,6,2,1391522.46
1061,9,5,3039908.42
1061,11,3,31866.45
1063,13,4,202762.6
1063,2,2,125622.38
1063,18,3,63514.85
1063,11,2,29929.66
1064,9,1,3260947.97
1064,2,3,108896.92
1064,4,5,234314.21
1064,12,1,3036248.04
1065,17,3,968362.65
1065,18,4,58998.26
1067,10,5,2822899.65
1068,2,1,115314.8
1068,16,1,2409658.27
1068,17,5,836924.4
1069,12,2,2605790.59
1069,11,4,32826.24
1069,13,5,203010.19
1069,3,1,169995.08
1070,7,4,167328.45
1070,4,3,219962.17
1071,14,1,1211556.58
1071,7,3,165062.84
1071,3,5,177641.68
1071,16,2,2631016.46
1072,1,5,328867.6
1072,17,4,927404.72
1072,2,2,121468.02
1073,5,2,616500.96
1073,18,3,63321.26
1073,17,3,933252.84
1073,3,5,165225.41
1074,17,4,875748.18
1074,6,2,1446221.51
1074,14,5,1237298.37
1075,18,2,65851.82
1075,15,5,478942.56
1076,17,5,836247.33
1076,13,1,216968.53
1076,11,2,28198.11
1077,14,2,1261856.11
1077,4,1,221393.84
1079,5,5,705474.86
1080,14,1,1162385.13
1080,5,1,624665.35
1081,15,1,434868.9
1081,7,5,169627.51
1081,17,5,904187.86
1082,1,5,348811.84
1082,17,2,935112.81
1084,8,5,2378657.73
1084,18,5,54521.78
1084,2,2,109442.64
1085,2,5,114510.75
1086,18,1,54799.17
1086,15,3,464668.35
1086,1,3,375499.76
1088,4,4,227096.09
1088,11,4,30051.24
1090,18,4,64401.27
1090,9,5,2936333.23
1091,11,5,32800.75
1092,11,1,27238.51
1092,1,5,336344.93
1092,5,4,636141.98
1092,12,2,2530288.45
1093,2,3,123005.54
1093,18,2,65951.93
1094,16,3,2655946.43
1094,2,3,129088.25
1094,12,1,3048716.55
1094,13,3,189023.31
1095,11,4,30941.59
1095,1,1,366092.28
1096,11,5,32236.21
1096,18,2,59008.0
1096,5,5,604857.39
1096,6,3,1622920.62
1097,16,4,2521116.88
1097,2,2,123659.34
1098,15,5,466564.38
1098,13,2,214503.51
1098,4,3,249049.54
1098,14,5,1298295.05
1099,15,2,464060.86
1099,8,5,2383529.33
1099,10,3,2375263.3
1100,15,1,421572.17
1100,13,2,209083.18
1100,4,3,258246.33
1100,17,4,983015.31
1101,2,4,125894.63
1101,7,3,167470.45
1102,7,1,166735.65
1104,16,5,2383431.31
1104,4,5,245393.38
1104,6,5,1419654.76
1104,14,1,1166222.72
1105,12,2,2801301.77
1105,5,5,645939.25
1105,11,3,28103.86
1106,9,4,3183262.03
1106,4,2,225276.47
1106,3,1,176709.21
1108,10,4,2455728.19
1108,17,2,946399.79
1110,11,4,32202.77
1111,12,3,3005393.95
1111,1,2,344928.9
1111,14,1,1225903.19
1112,14,3,1174596.17
1112,2,5,122251.34
1112,15,5,462725.44
1114,3,1,178257.95
1114,8,1,2366223.17
1114,17,2,903366.48
1114,5,4,712897.98
1116,17,4,902902.8
1116,10,1,2438722.18
1116,14,4,1175529.57
1116,8,3,2320417.89
1117,2,4,111995.68
1117,7,3,184072.83
1119,11,2,29781.47
1119,2,4,110170.58
1119,5,5,599712.31
1119,15,5,489405.82
1120,18,2,58716.8
1120,15,3,445579.73
1120,9,2,3170355.67
1120,5,2,699731.3
1122,9,3,3322699.15
1122,6,2,1565512.42
1126,3,3,165071.04
1126,13,4,209074.95
1126,12,5,2862760.62
1127,12,4,2828193.7
1129,5,3,658513.91
1130,16,2,2684409.27
1131,5,1,639545.62
1132,9,4,3064819.54
1132,5,2,600282.02
1133,4,2,216169.58
1134,4,1,238014.85
1134,6,4,1513050.35
1136,7,4,170563.62
1136,3,5,185740.94
1136,17,4,883827.25
1136,8,1,2244535.29
1138,8,5,2102369.69
1139,3,2,163761.08
1139,9,2,2915240.92
1139,6,3,1361016.32
1139,17,1,930059.38
1140,1,3,338177.78
1140,15,1,409412.82
1140,2,4,131849.64
1140,5,2,672371.76
1141,6,5,1521684.78
1141,17,5,841935.47
1141,18,4,62992.02
1141,1,3,380203.59
1143,11,3,29211.42
1143,17,4,957647.65
1144,5,5,593440.36
1144,11,4,27807.27
1144,9,3,3090693.46
1145,9,5,3014301.04
1145,2,2,122689.29
1145,11,1,30428.2
1146,8,1,2192811.71
1146,3,5,195620.1
1146,2,3,118249.29
1146,16,3,2379830.02
1147,17,5,873693.6
1147,12,2,2864002.39
1147,9,4,3212611.71
1147,8,4,2196701.96
1148,6,5,1419816.49
1149,9,2,2881011.79
1149,18,1,59578.63
1151,5,5,714868.31
1152,12,1,2706923.66
1152,7,5,191017.57
1152,3,2,162406.7
1153,3,3,171159.03
1155,18,3,60080.28
1155,13,3,210681.3
1157,13,3,195841.97
1157,10,5,2660316.54
1159,11,2,28983.09
1160,9,4,3466344.35
1160,15,1,463108.7
1161,6,2,1538160.15
1161,11,5,32375.57
1161,5,4,686918.57
1162,3,1,192063.81
1162,17,3,911689.68
1162,7,3,181986.38
1164,10,5,2696456.52
1165,12,1,3062983.44
1165,1,3,373851.74
1166,14,4,1230362.6
1166,10,2,2636910.45
1167,18,2,61142.3
1167,15,3,468473.96
1167,14,3,1250361.6
1168,13,4,183471.91
1168,8,2,2143496.77
1169,7,2,180903.62
1169,2,2,110693.55
1171,2,1,118650.58
1173,10,5,2420120.44
1173,7,3,195250.92
1173,3,5,173172.91
1174,3,2,189701.33
1174,4,1,255462.65
1175,1,2,329363.1
1175,7,1,178537.26
1175,17,5,830850.48
1175,4,3,260752.19
1176,5,1,628327.67
1176,14,1,1104744.68
1176,10,3,2351689.74
1176,18,3,61666.21
1177,1,3,329038.89
1178,18,3,60387.31
1178,10,4,2688984.5
1179,16,2,2328748.01
1179,10,1,2347933.49
1180,12,5,2807873.97
1180,4,2,242041.38
1180,1,5,337293.94
1180,8,2,2395042.24
1181,13,5,189793.0
1181,3,1,173209.59
1182,9,5,3163934.49
1182,16,2,2264496.34
1185,5,1,596195.55
1185,4,4,224591.18
1185,3,5,194085.93
1186,13,5,194224.97
1186,10,3,2765069.83
1186,5,5,595210.93
1187,7,5,166744.63
1187,16,4,2298631.5
1187,18,3,62213.74
1188,1,4,331218.59
1188,2,2,111449.32
1188,14,5,1141932.66
1189,9,4,2997345.97
1189,18,3,63465.34
1190,7,4,179550.24
1190,16,1,2487667.18
1191,9,4,3175194.68
1191,2,2,114774.18
1192,8,5,2232858.43
1192,12,5,2577642.04
1194,5,5,669428.68
1194,18,3,60392.95
1195,7,5,176883.91
1195,3,5,170772.88
1195,11,2,32843.35
1196,10,1,2517171.36
1196,12,5,2761443.16
1196,8,4,2229572.93
1197,4,5,249318.39
1197,3,2,185854.04
1199,6,4,1384296.86
1199,3,5,178664.7
1199,14,5,1103436.94
1199,10,4,2431610.48
1200,6,1,1529477.75
1200,15,5,474420.9
1200,12,4,2703348.62
1203,11,2,32323.57
1205,18,2,59435.69
1206,11,4,30693.43
1206,15,4,422610.0
1207,1,3,354919.35
1207,15,3,487665.15
1208,1,3,384320.25
1208,5,5,586055.5
1208,2,5,117700.74
1209,16,3,2281205.28
1210,8,1,1980371.06
1210,14,5,1276980.79
1210,4,3,221265.52
1210,12,3,3004780.6
1211,10,4,2705155.38
1212,6,3,1563532.1
1212,10,4,2538413.82
1212,4,5,226138.37
1213,12,4,2597878.56
1214,3,4,192359.8
1214,16,3,2669981.34
1214,10,2,2490004.85
1214,13,2,185371.1
1217,4,4,247580.48
1218,1,1,324605.42
1219,18,4,64722.99
1219,10,5,2823761.73
1219,16,5,2339898.69
1220,6,4,1515615.01
1220,7,4,175849.73
1220,15,2,421721.19
1220,5,5,585965.9
1221,6,2,1563639.0
1221,16,3,2455418.91
1221,10,5,2639703.22
1224,13,4,208195.3
1224,18,1,60963.23
1224,1,1,324946.12
1224,5,5,712865.28
1225,3,4,180610.18
1225,13,5,215596.62
1227,16,4,2565331.42
1229,11,5,28875.0
1229,14,1,1296860.47
1229,9,5,3378257.37
1229,10,4,2576098.08
1230,12,5,2930936.15
1230,8,4,2135282.4
1230,18,3,57470.5
1232,13,3,209078.87
1232,16,5,2380221.57
1232,14,4,1218753.86
1232,10,5,2366842.34
1233,9,5,2897470.78
1233,11,4,27495.06
1234,17,1,963260.15
1234,9,3,3041312.62
1234,7,5,172114.99
1234,10,3,2347385.57
1236,13,2,216405.26
1236,14,2,1238197.35
1236,12,3,2972390.79
1236,6,3,1584758.31
1237,9,4,2995717.88
1238,2,1,116228.35
1238,14,1,1312162.95
1238,13,5,217357.67
1238,9,2,3416073.1
1239,15,4,426415.27
1239,8,4,2299439.6
1239,17,2,847954.21
1240,7,1,185121.4
1240,3,1,163890.84
1241,8,4,2189542.05
1241,18,4,62953.81
1241,2,5,113607.87
1242,6,4,1428787.55
1242,8,5,2362922.2
1242,5,1,622542.99
1243,8,4,2278537.1
1243,6,5,1554862.89
1243,9,1,2942313.17
1244,16,3,2728091.83
1244,8,4,2248613.65
1244,6,3,1450490.22
1244,4,3,254511.19
1245,15,5,440203.84
1245,1,2,366401.94
1246,17,2,903591.42
1246,15,2,433194.28
1246,3,1,186220.87
1246,7,1,162430.61
1248,5,1,674114.94
1248,6,3,1415824.9
1248,1,3,332632.73
1248,10,1,2352324.25
1251,10,2,2834254.26
1251,4,1,249987.61
1251,13,1,183455.45
1251,2,5,111117.77
1252,3,2,194256.06
1252,2,2,114080.06
1252,6,4,1548143.35
1252,5,1,668041.47
1253,5,4,674988.79
1253,1,3,333013.56
1255,9,1,3124991.36
1255,17,3,989272.54
1256,11,3,28067.58
1256,2,1,119801.32
1257,13,5,195705.38
1258,11,1,27863.24
1258,18,4,56620.64
1258,3,1,194853.93
1259,10,1,2358127.67
1259,11,1,30428.07
1260,16,4,2259382.4
1260,10,4,2417404.22
1263,7,3,167457.87
1263,15,3,486415.58
1263,1,5,315259.26
1264,3,4,177698.08
1264,15,1,453611.58
1264,16,1,2442211.94
1265,8,1,2229587.31
1265,16,3,2416719.86
1265,14,3,1176147.55
1267,4,5,256960.42
1267,14,3,1099309.63
1268,3,3,185320.53
1268,7,2,181961.12
1268,10,4,2683581.73
1269,2,4,129515.06
1269,9,3,3191362.27
1270,17,2,835189.73
1270,4,2,217217.5
1270,10,5,2464012.27
1271,9,1,3387353.07
1271,16,3,2499842.08
1271,18,4,65598.89
1274,13,1,193508.74
1274,14,1,1177321.89
1275,13,5,198334.81
1276,7,2,188677.85
1276,14,2,1301955.79
1276,9,1,3350694.22
1276,10,4,2679992.39
1277,8,5,2000152.75
1277,9,2,2889193.73
1277,12,1,3026610.92
1279,9,5,2989241.21
1279,7,5,164302.47
1279,8,1,2030239.06
1280,2,5,113293.74
1280,7,2,177343.61
1280,6,4,1447270.48
1280,15,5,454129.63
1281,7,2,189512.2
1281,16,5,2336723.82
1284,10,2,2733926.04
1284,17,2,935333.24
1285,3,2,177791.8
1285,7,5,163465.16
1285,17,1,952389.41
1285,16,5,2438065.53
1286,3,1,193666.57
1290,18,1,62480.89
1291,13,3,196648.89
1291,9,4,3323109.33
1291,4,2,222868.22
1291,8,3,2210158.22
1292,17,2,978856.13
1292,8,5,2284336.37
1292,6,5,1404000.14
1293,2,5,130807.15
1293,3,3,174522.73
1293,11,1,30346.26
1294,3,1,197517.73
1296,9,3,3432147.88
1296,5,5,650980.3
1296,14,4,1264879.51
1296,8,2,2101627.7
1297,16,1,2648306.49
1298,17,4,841738.29
1298,4,1,218593.33
1298,13,3,191402.58
1299,5,3,628458.3
1299,8,4,1999059.69
1299,3,1,195295.01
1300,14,2,1268518.08
1301,1,5,323124.56
1301,7,2,187970.51
1301,10,5,2641476.12
1302,8,2,2308718.17
1302,6,3,1419018.97
1302,17,1,868703.8
1304,8,4,2362749.97
1305,7,2,164647.07
1305,4,5,239251.57
1305,3,4,167217.89
1306,4,4,224546.92
1306,2,3,111273.71
1306,1,2,359241.48
1306,8,3,2068972.79
1307,9,1,3323014.74
1309,7,2,165999.93
1309,1,4,347100.52
1310,4,3,226552.97
1311,2,5,111762.91
1311,3,5,194600.81
1312,12,5,2998802.25
1312,2,1,117880.71
1312,15,5,449029.21
1312,6,2,1527474.26
1313,9,3,2889282.47
1313,6,4,1570853.66
1313,13,2,189913.26
1314,16,5,2361203.31
1314,8,5,2396351.04
1314,2,5,129558.04
1315,18,1,54480.7
1315,3,4,188405.15
1315,17,5,816051.7
1316,5,4,647305.01
1316,17,1,891439.45
1316,10,2,2383207.59
1316,18,1,62317.92
1317,18,2,55592.54
1317,2,3,113737.5
1317,9,1,2890195.31
1318,4,2,249758.62
1318,6,5,1574186.01
1320,5,4,685338.55
1320,7,4,168658.05
1320,10,3,2665941.7
1323,2,3,120742.09
1323,9,3,3152577.44
1323,14,3,1247533.2
1324,13,5,203009.17
1324,12,2,2961107.43
1324,2,1,122890.93
1324,7,3,188487.39
1326,16,3,2693988.95
1326,5,1,634784.15
1326,1,4,358339.34
1326,14,3,1167943.92
1327,4,1,242916.39
1327,5,2,602992.75
1327,14,3,1137271.85
1327,6,1,1544711.52
1328,18,2,63038.08
1328,10,2,2506641.18
1328,14,3,1200855.83
1328,9,4,3057373.01
1330,2,3,118857.86
1330,1,5,351867.78
1332,8,5,2278455.65
1332,16,5,2699725.6
1332,17,4,921771.23
1334,8,4,2018415.85
1335,13,2,191534.91
1335,10,1,2396869.76
1335,5,3,599563.2
1336,15,4,418544.83
