ActivityID,MechanicID,LabourHours,RoleInActivity
1,5,6.78,Electric Specialist
1,16,0.67,Inspector
2,5,1.56,Lead Mechanic
3,3,2.65,Electric Specialist
4,31,1.11,Lead Mechanic
4,23,4.45,Electric Specialist
4,10,2.85,Assistant Mechanic
5,44,5.81,Electric Specialist
5,22,6.6,Assistant Mechanic
6,40,0.91,Inspector
7,19,3.95,Lead Mechanic
7,7,3.1,Electric Specialist
8,14,5.99,Assistant Mechanic
8,39,5.73,Electric Specialist
9,3,6.75,Inspector
9,30,5.6,Electric Specialist
9,1,1.56,Assistant Mechanic
10,34,7.6,Inspector
10,13,1.12,Inspector
11,9,3.98,Lead Mechanic
11,4,0.8,Assistant Mechanic
11,20,5.73,Electric Specialist
12,9,7.06,Assistant Mechanic
12,30,3.21,Assistant Mechanic
13,11,2.12,Assistant Mechanic
13,30,1.67,Electric Specialist
13,20,6.22,Assistant Mechanic
14,22,0.94,Assistant Mechanic
15,34,3.92,Assistant Mechanic
15,14,7.22,Assistant Mechanic
16,5,2.45,Electric Specialist
17,28,3.23,Lead Mechanic
17,31,2.37,Lead Mechanic
18,21,4.56,Assistant Mechanic
18,19,0.96,Electric Specialist
18,6,1.29,Lead Mechanic
19,45,7.48,Inspector
20,14,3.23,Lead Mechanic
20,3,4.88,Lead Mechanic
21,38,0.81,Electric Specialist
21,16,5.73,Lead Mechanic
21,17,5.97,Electric Specialist
22,33,5.5,Electric Specialist
22,19,3.3,Inspector
23,11,3.14,Electric Specialist
24,25,3.14,Inspector
24,34,3.25,Electric Specialist
25,20,4.86,Electric Specialist
25,10,4.2,Lead Mechanic
26,39,2.08,Inspector
27,27,6.69,Inspector
28,18,6.22,Assistant Mechanic
28,9,1.18,Electric Specialist
28,12,0.94,Inspector
29,13,4.32,Lead Mechanic
30,39,3.88,Inspector
30,36,1.86,Lead Mechanic
31,45,2.89,Electric Specialist
31,15,3.87,Assistant Mechanic
31,43,1.4,Inspector
32,19,4.92,Electric Specialist
33,14,6.16,Lead Mechanic
33,25,7.4,Inspector
33,10,5.29,Assistant Mechanic
34,30,2.0,Inspector
35,30,3.74,Lead Mechanic
35,42,7.05,Electric Specialist
36,35,4.32,Electric Specialist
36,23,7.12,Electric Specialist
37,20,6.46,Lead Mechanic
37,41,3.09,Electric Specialist
38,41,0.71,Assistant Mechanic
39,32,8.0,Lead Mechanic
39,33,7.4,Inspector
39,21,5.28,Assistant Mechanic
40,34,4.49,Electric Specialist
40,13,1.36,Lead Mechanic
40,27,3.95,Lead Mechanic
41,26,1.24,Inspector
41,6,7.61,Inspector
42,7,4.2,Inspector
42,3,6.55,Lead Mechanic
43,34,7.05,Lead Mechanic
43,26,1.15,Lead Mechanic
43,39,0.98,Lead Mechanic
44,33,4.95,Lead Mechanic
44,29,6.68,Assistant Mechanic
44,9,7.12,Assistant Mechanic
45,8,1.77,Inspector
45,23,1.9,Electric Specialist
45,26,0.86,Lead Mechanic
46,26,5.19,Electric Specialist
47,40,3.07,Assistant Mechanic
47,1,3.0,Assistant Mechanic
48,36,6.01,Lead Mechanic
48,9,5.03,Inspector
49,29,6.01,Assistant Mechanic
49,6,5.5,Assistant Mechanic
49,38,4.22,Lead Mechanic
50,45,4.05,Assistant Mechanic
51,22,7.63,Inspector
52,9,2.3,Lead Mechanic
52,8,6.55,Assistant Mechanic
52,12,6.95,Lead Mechanic
53,27,7.66,Assistant Mechanic
53,17,7.95,Lead Mechanic
54,9,6.03,Inspector
54,6,6.8,Electric Specialist
55,5,6.43,Electric Specialist
56,30,1.0,Electric Specialist
56,2,4.51,Assistant Mechanic
56,42,3.12,Inspector
57,19,5.15,Lead Mechanic
57,24,4.6,Assistant Mechanic
58,10,3.19,Electric Specialist
59,37,4.85,Assistant Mechanic
60,7,3.18,Lead Mechanic
60,16,7.49,Inspector
61,1,2.41,Electric Specialist
61,29,1.32,Electric Specialist
61,27,5.69,Inspector
62,27,4.61,Lead Mechanic
63,6,2.72,Inspector
64,40,2.61,Lead Mechanic
65,9,6.64,Electric Specialist
65,2,6.23,Inspector
66,23,2.58,Inspector
66,43,0.91,Assistant Mechanic
66,34,1.71,Electric Specialist
67,44,1.47,Lead Mechanic
67,1,3.68,Electric Specialist
68,9,1.83,Assistant Mechanic
68,22,6.13,Inspector
69,18,7.17,Lead Mechanic
69,23,5.84,Lead Mechanic
70,29,2.73,Assistant Mechanic
70,32,0.99,Lead Mechanic
71,13,2.06,Inspector
71,1,2.71,Electric Specialist
71,27,1.27,Inspector
72,22,3.83,Inspector
73,12,3.95,Assistant Mechanic
73,15,3.03,Inspector
74,30,7.89,Electric Specialist
74,9,4.4,Assistant Mechanic
74,20,1.74,Inspector
75,22,0.7,Assistant Mechanic
76,29,5.38,Lead Mechanic
76,17,1.94,Inspector
77,8,7.46,Lead Mechanic
77,15,3.05,Electric Specialist
78,32,1.72,Lead Mechanic
78,22,6.87,Assistant Mechanic
78,9,7.84,Lead Mechanic
79,20,0.59,Assistant Mechanic
80,43,7.78,Assistant Mechanic
81,13,2.2,Electric Specialist
82,14,3.3,Assistant Mechanic
82,36,3.19,Lead Mechanic
82,20,6.45,Assistant Mechanic
83,21,5.47,Electric Specialist
84,35,1.99,Electric Specialist
85,37,5.3,Assistant Mechanic
85,18,3.55,Inspector
86,25,5.12,Electric Specialist
86,40,4.57,Inspector
86,20,6.89,Lead Mechanic
87,42,7.22,Inspector
88,21,5.72,Electric Specialist
88,16,4.24,Assistant Mechanic
89,21,2.84,Assistant Mechanic
89,38,4.56,Lead Mechanic
90,42,5.43,Lead Mechanic
90,35,3.48,Electric Specialist
90,34,3.5,Assistant Mechanic
91,12,6.58,Lead Mechanic
91,33,1.23,Inspector
92,8,1.79,Electric Specialist
92,25,3.92,Inspector
92,33,5.58,Inspector
93,37,7.43,Inspector
93,8,7.13,Electric Specialist
93,5,3.28,Inspector
94,26,1.22,Assistant Mechanic
94,23,7.46,Electric Specialist
95,44,6.52,Inspector
95,41,7.82,Lead Mechanic
96,23,3.11,Assistant Mechanic
96,15,4.35,Inspector
97,27,6.66,Assistant Mechanic
97,11,2.16,Inspector
98,22,3.01,Assistant Mechanic
98,7,1.66,Assistant Mechanic
99,39,6.67,Inspector
100,26,3.07,Electric Specialist
100,3,3.86,Inspector
101,28,2.55,Assistant Mechanic
101,6,2.23,Inspector
101,11,2.44,Inspector
102,32,6.82,Assistant Mechanic
102,38,4.32,Assistant Mechanic
103,44,6.86,Lead Mechanic
103,11,6.56,Assistant Mechanic
104,14,5.29,Assistant Mechanic
104,22,5.1,Assistant Mechanic
105,6,5.76,Electric Specialist
106,45,7.14,Inspector
106,17,6.34,Electric Specialist
107,28,2.0,Lead Mechanic
107,34,3.93,Lead Mechanic
107,29,7.82,Electric Specialist
108,17,4.61,Assistant Mechanic
108,8,3.45,Electric Specialist
108,43,7.57,Lead Mechanic
109,30,5.85,Inspector
109,44,2.21,Electric Specialist
109,4,2.51,Lead Mechanic
110,18,4.83,Inspector
110,5,5.88,Inspector
111,8,1.77,Lead Mechanic
111,31,2.84,Assistant Mechanic
111,19,7.21,Inspector
112,19,3.18,Assistant Mechanic
113,34,5.6,Assistant Mechanic
114,30,1.36,Assistant Mechanic
114,2,3.09,Inspector
114,36,2.18,Lead Mechanic
115,37,0.72,Assistant Mechanic
115,8,2.41,Lead Mechanic
115,3,6.76,Lead Mechanic
116,35,5.2,Inspector
117,42,3.93,Assistant Mechanic
117,37,3.5,Assistant Mechanic
117,41,1.25,Inspector
118,33,1.03,Electric Specialist
119,29,2.51,Assistant Mechanic
119,4,6.03,Inspector
120,29,7.79,Inspector
120,39,2.59,Lead Mechanic
120,2,6.73,Electric Specialist
121,10,4.46,Assistant Mechanic
121,42,6.89,Inspector
122,33,7.61,Lead Mechanic
122,32,4.53,Electric Specialist
122,26,2.62,Inspector
123,12,1.1,Assistant Mechanic
124,37,0.76,Assistant Mechanic
124,25,6.18,Lead Mechanic
125,26,1.57,Inspector
125,10,1.54,Inspector
125,30,5.84,Assistant Mechanic
126,6,2.34,Electric Specialist
126,8,0.93,Inspector
127,7,1.71,Inspector
127,28,4.23,Inspector
128,33,7.73,Lead Mechanic
128,32,4.77,Inspector
129,8,3.32,Inspector
129,18,4.36,Inspector
130,3,3.76,Electric Specialist
130,8,4.27,Electric Specialist
131,29,5.03,Assistant Mechanic
131,34,6.0,Inspector
132,29,5.1,Lead Mechanic
132,22,2.2,Electric Specialist
132,14,7.49,Assistant Mechanic
133,25,5.99,Assistant Mechanic
134,45,5.24,Electric Specialist
134,26,7.09,Inspector
134,8,7.88,Assistant Mechanic
135,35,3.87,Lead Mechanic
135,13,5.56,Electric Specialist
136,30,1.05,Electric Specialist
137,35,3.92,Electric Specialist
137,2,6.37,Assistant Mechanic
138,17,6.78,Inspector
139,21,2.88,Electric Specialist
139,25,2.16,Electric Specialist
140,14,7.82,Lead Mechanic
140,26,2.07,Assistant Mechanic
140,13,6.47,Assistant Mechanic
141,14,6.96,Inspector
142,7,0.92,Electric Specialist
143,37,7.28,Inspector
143,36,5.32,Electric Specialist
143,12,4.72,Assistant Mechanic
144,3,1.81,Assistant Mechanic
144,6,3.01,Electric Specialist
145,37,5.22,Inspector
145,14,4.98,Lead Mechanic
145,32,1.84,Assistant Mechanic
146,44,5.14,Lead Mechanic
146,40,1.01,Assistant Mechanic
146,9,3.83,Inspector
147,31,5.85,Inspector
147,18,0.87,Electric Specialist
148,19,1.09,Lead Mechanic
148,39,7.86,Assistant Mechanic
148,41,4.54,Assistant Mechanic
149,38,6.11,Assistant Mechanic
149,28,4.6,Assistant Mechanic
150,36,1.16,Lead Mechanic
150,15,5.66,Assistant Mechanic
151,36,1.98,Assistant Mechanic
152,30,7.58,Electric Specialist
152,13,1.03,Lead Mechanic
153,32,3.61,Inspector
153,44,7.14,Electric Specialist
154,43,5.9,Lead Mechanic
155,8,0.59,Inspector
155,42,5.46,Assistant Mechanic
155,5,6.49,Assistant Mechanic
156,16,0.98,Electric Specialist
157,33,5.85,Assistant Mechanic
157,38,5.33,Assistant Mechanic
157,22,0.81,Lead Mechanic
158,36,5.66,Lead Mechanic
158,39,4.11,Assistant Mechanic
158,34,1.61,Assistant Mechanic
159,44,7.97,Electric Specialist
159,32,4.39,Lead Mechanic
159,20,1.18,Inspector
160,8,4.32,Assistant Mechanic
160,1,2.8,Inspector
161,10,2.36,Inspector
161,22,1.54,Inspector
162,32,4.26,Inspector
163,32,1.66,Assistant Mechanic
163,3,4.3,Assistant Mechanic
164,4,5.02,Inspector
165,5,7.0,Lead Mechanic
165,39,2.69,Assistant Mechanic
166,38,5.78,Assistant Mechanic
166,29,7.47,Assistant Mechanic
166,37,7.77,Lead Mechanic
167,43,6.11,Assistant Mechanic
168,10,0.85,Electric Specialist
168,23,2.03,Lead Mechanic
169,11,6.8,Inspector
169,28,2.61,Lead Mechanic
170,30,7.41,Electric Specialist
170,28,1.16,Electric Specialist
170,44,7.45,Electric Specialist
171,12,1.44,Lead Mechanic
171,37,2.76,Electric Specialist
171,27,3.25,Lead Mechanic
172,6,5.66,Inspector
173,4,5.92,Assistant Mechanic
174,38,1.84,Lead Mechanic
174,41,3.4,Lead Mechanic
175,31,3.6,Assistant Mechanic
176,8,7.16,Lead Mechanic
176,21,7.89,Inspector
177,27,2.56,Lead Mechanic
177,2,3.3,Lead Mechanic
177,24,4.29,Inspector
178,6,7.36,Assistant Mechanic
178,31,6.55,Inspector
178,1,4.1,Lead Mechanic
179,29,6.66,Inspector
179,36,7.46,Electric Specialist
179,35,2.18,Assistant Mechanic
180,34,1.37,Assistant Mechanic
180,17,5.59,Inspector
180,19,4.64,Lead Mechanic
181,44,7.42,Lead Mechanic
182,31,6.11,Lead Mechanic
183,10,2.29,Assistant Mechanic
184,35,1.99,Lead Mechanic
184,9,3.77,Electric Specialist
185,43,6.06,Inspector
185,6,4.05,Lead Mechanic
186,34,4.31,Electric Specialist
186,13,6.9,Inspector
186,11,1.22,Lead Mechanic
187,15,6.79,Assistant Mechanic
187,22,6.56,Inspector
188,8,4.79,Inspector
188,42,6.69,Inspector
188,33,3.89,Inspector
189,27,5.93,Assistant Mechanic
189,41,7.92,Lead Mechanic
189,19,2.54,Lead Mechanic
190,3,5.5,Inspector
191,6,3.2,Inspector
191,33,2.27,Lead Mechanic
191,8,6.91,Electric Specialist
192,39,1.64,Lead Mechanic
193,39,0.97,Inspector
193,18,6.3,Electric Specialist
193,40,7.51,Assistant Mechanic
194,5,1.82,Assistant Mechanic
195,34,3.02,Inspector
195,25,7.01,Lead Mechanic
195,23,6.92,Assistant Mechanic
196,41,4.49,Inspector
197,35,5.8,Electric Specialist
198,44,1.65,Inspector
198,37,0.99,Assistant Mechanic
198,45,7.67,Inspector
199,21,4.6,Inspector
199,5,7.09,Lead Mechanic
200,28,5.22,Lead Mechanic
200,8,1.36,Inspector
201,30,4.92,Assistant Mechanic
202,2,3.87,Electric Specialist
202,1,6.41,Electric Specialist
203,4,4.71,Assistant Mechanic
203,7,6.32,Electric Specialist
203,2,6.54,Inspector
204,37,1.81,Inspector
204,28,3.2,Assistant Mechanic
204,13,6.87,Electric Specialist
205,13,4.21,Inspector
205,7,1.48,Electric Specialist
206,12,7.51,Assistant Mechanic
207,2,5.53,Lead Mechanic
207,42,1.51,Assistant Mechanic
208,22,1.13,Assistant Mechanic
208,35,3.08,Lead Mechanic
209,10,4.7,Inspector
210,43,4.48,Electric Specialist
211,42,7.87,Inspector
211,32,7.02,Assistant Mechanic
212,6,4.71,Lead Mechanic
212,41,5.81,Assistant Mechanic
213,20,1.33,Inspector
213,12,4.89,Inspector
214,25,5.91,Inspector
215,32,5.37,Assistant Mechanic
215,30,4.14,Electric Specialist
216,13,6.94,Assistant Mechanic
216,40,0.54,Inspector
216,43,6.72,Inspector
217,42,6.43,Inspector
217,30,7.01,Assistant Mechanic
217,1,6.03,Assistant Mechanic
218,19,2.14,Inspector
219,8,4.72,Assistant Mechanic
219,24,5.68,Electric Specialist
219,37,2.7,Assistant Mechanic
220,44,4.19,Assistant Mechanic
221,17,5.23,Lead Mechanic
222,39,0.66,Lead Mechanic
223,35,1.3,Lead Mechanic
224,39,1.18,Lead Mechanic
225,20,3.08,Electric Specialist
225,1,4.53,Electric Specialist
225,32,1.76,Electric Specialist
226,17,4.29,Inspector
227,4,3.0,Inspector
228,41,7.79,Inspector
228,31,0.66,Assistant Mechanic
229,36,1.59,Lead Mechanic
230,6,7.61,Lead Mechanic
230,15,4.86,Inspector
231,33,4.18,Assistant Mechanic
231,35,7.32,Lead Mechanic
231,2,2.81,Assistant Mechanic
232,22,1.57,Inspector
232,19,3.76,Electric Specialist
233,41,5.86,Electric Specialist
234,4,2.07,Assistant Mechanic
235,34,2.17,Assistant Mechanic
236,31,0.95,Inspector
237,9,4.08,Inspector
238,11,3.35,Inspector
239,21,2.47,Lead Mechanic
239,40,1.74,Assistant Mechanic
239,12,1.41,Lead Mechanic
240,23,5.91,Lead Mechanic
240,42,6.63,Lead Mechanic
240,18,2.4,Assistant Mechanic
241,15,5.27,Inspector
241,32,7.28,Lead Mechanic
242,37,2.6,Lead Mechanic
242,17,4.51,Lead Mechanic
242,43,5.91,Assistant Mechanic
243,3,1.62,Lead Mechanic
243,27,5.92,Electric Specialist
244,15,2.12,Inspector
245,13,4.04,Assistant Mechanic
245,16,6.97,Inspector
246,23,3.43,Inspector
246,45,5.23,Lead Mechanic
247,8,3.15,Electric Specialist
247,42,5.48,Lead Mechanic
248,29,1.51,Assistant Mechanic
248,17,5.14,Electric Specialist
248,37,3.61,Assistant Mechanic
249,41,1.29,Inspector
249,24,1.3,Lead Mechanic
249,45,4.34,Assistant Mechanic
250,18,5.43,Inspector
250,21,3.3,Inspector
251,42,7.97,Lead Mechanic
251,39,4.16,Assistant Mechanic
251,10,7.87,Electric Specialist
252,15,6.85,Assistant Mechanic
252,27,3.3,Assistant Mechanic
252,19,4.22,Assistant Mechanic
253,19,3.46,Lead Mechanic
254,4,6.98,Inspector
254,42,4.48,Lead Mechanic
255,11,7.42,Electric Specialist
255,35,2.13,Assistant Mechanic
256,4,1.83,Inspector
257,21,4.08,Inspector
257,32,5.02,Electric Specialist
257,19,3.45,Assistant Mechanic
258,10,3.5,Assistant Mechanic
258,7,2.73,Assistant Mechanic
259,38,6.35,Assistant Mechanic
259,30,6.24,Assistant Mechanic
259,18,2.5,Electric Specialist
260,31,7.53,Inspector
260,39,2.14,Inspector
261,11,6.06,Inspector
261,7,1.62,Electric Specialist
262,27,3.91,Lead Mechanic
263,35,7.19,Electric Specialist
263,39,6.01,Lead Mechanic
263,42,1.17,Electric Specialist
264,38,1.19,Electric Specialist
265,15,6.44,Lead Mechanic
265,12,5.76,Electric Specialist
266,29,2.58,Lead Mechanic
266,23,2.74,Electric Specialist
266,38,4.09,Assistant Mechanic
267,18,3.06,Assistant Mechanic
268,25,6.39,Electric Specialist
268,38,4.99,Electric Specialist
269,30,3.49,Inspector
270,37,3.57,Lead Mechanic
271,15,0.79,Electric Specialist
271,3,4.92,Assistant Mechanic
272,14,5.3,Lead Mechanic
273,33,6.16,Inspector
273,32,6.98,Assistant Mechanic
274,12,4.28,Electric Specialist
274,5,4.66,Lead Mechanic
274,7,6.06,Assistant Mechanic
275,42,4.44,Electric Specialist
275,37,2.15,Lead Mechanic
276,23,6.84,Electric Specialist
277,20,2.75,Electric Specialist
278,22,5.15,Electric Specialist
278,1,5.12,Inspector
278,3,3.92,Assistant Mechanic
279,15,6.32,Lead Mechanic
279,42,3.41,Electric Specialist
279,26,6.98,Lead Mechanic
280,29,4.77,Electric Specialist
280,37,2.24,Electric Specialist
280,9,5.99,Electric Specialist
281,28,5.18,Electric Specialist
281,15,2.23,Inspector
282,31,2.29,Lead Mechanic
283,29,3.21,Lead Mechanic
284,1,4.69,Lead Mechanic
284,42,5.82,Assistant Mechanic
285,37,1.0,Inspector
285,4,7.37,Assistant Mechanic
285,7,0.53,Electric Specialist
286,1,6.89,Electric Specialist
286,32,1.43,Assistant Mechanic
286,31,3.3,Lead Mechanic
287,28,0.8,Assistant Mechanic
287,17,4.64,Lead Mechanic
288,36,0.7,Assistant Mechanic
289,44,2.76,Electric Specialist
290,6,3.6,Lead Mechanic
290,45,4.05,Inspector
291,28,7.95,Electric Specialist
291,26,3.16,Electric Specialist
291,27,6.61,Inspector
292,35,6.59,Assistant Mechanic
293,37,1.82,Inspector
294,40,4.83,Lead Mechanic
295,26,7.18,Lead Mechanic
296,26,4.82,Inspector
296,17,3.86,Inspector
297,29,2.07,Inspector
298,36,5.59,Electric Specialist
298,17,0.69,Inspector
298,4,2.75,Assistant Mechanic
299,40,1.5,Inspector
300,45,6.55,Electric Specialist
300,21,3.94,Inspector
301,8,5.03,Lead Mechanic
301,33,5.76,Electric Specialist
302,3,7.1,Lead Mechanic
302,32,5.95,Lead Mechanic
302,15,0.72,Lead Mechanic
303,37,4.02,Electric Specialist
303,31,7.56,Lead Mechanic
304,12,1.7,Lead Mechanic
305,16,2.81,Assistant Mechanic
305,45,2.13,Assistant Mechanic
305,28,1.52,Inspector
306,12,0.72,Inspector
306,10,1.26,Inspector
307,42,1.89,Lead Mechanic
307,26,1.61,Lead Mechanic
308,24,2.43,Lead Mechanic
309,17,7.13,Electric Specialist
309,7,3.0,Inspector
309,6,1.69,Inspector
310,29,6.32,Inspector
311,40,2.15,Inspector
311,36,6.86,Inspector
312,39,5.41,Assistant Mechanic
313,10,7.46,Electric Specialist
313,33,3.28,Electric Specialist
314,4,7.76,Assistant Mechanic
315,7,1.97,Lead Mechanic
315,19,3.54,Inspector
315,45,2.27,Assistant Mechanic
316,33,4.83,Inspector
316,24,3.9,Lead Mechanic
316,34,3.61,Lead Mechanic
317,37,6.41,Electric Specialist
317,9,1.04,Inspector
317,15,2.77,Lead Mechanic
318,7,1.28,Electric Specialist
318,43,2.4,Lead Mechanic
319,35,4.0,Inspector
319,34,4.54,Lead Mechanic
320,39,1.25,Electric Specialist
321,40,3.02,Electric Specialist
321,3,3.0,Inspector
322,17,7.71,Electric Specialist
323,4,6.08,Electric Specialist
323,15,5.99,Electric Specialist
323,37,2.02,Lead Mechanic
324,17,7.29,Inspector
325,13,7.31,Electric Specialist
325,11,5.97,Inspector
325,42,5.27,Lead Mechanic
326,17,6.24,Assistant Mechanic
327,1,0.75,Electric Specialist
328,35,1.81,Assistant Mechanic
328,25,7.54,Inspector
329,32,5.12,Inspector
329,34,6.94,Lead Mechanic
329,5,0.98,Inspector
330,42,3.48,Inspector
330,19,6.94,Electric Specialist
331,11,5.76,Lead Mechanic
332,41,3.0,Electric Specialist
332,17,1.02,Assistant Mechanic
332,7,6.98,Assistant Mechanic
333,15,1.37,Electric Specialist
333,10,4.79,Assistant Mechanic
334,31,5.75,Lead Mechanic
334,45,3.97,Lead Mechanic
335,21,5.27,Assistant Mechanic
336,3,4.41,Inspector
336,22,1.43,Electric Specialist
336,25,1.67,Assistant Mechanic
337,4,4.74,Electric Specialist
337,26,6.58,Inspector
338,15,7.92,Assistant Mechanic
339,13,7.35,Lead Mechanic
339,1,6.53,Inspector
340,36,7.6,Assistant Mechanic
341,40,4.28,Lead Mechanic
342,10,2.05,Electric Specialist
342,5,0.73,Inspector
342,15,6.41,Lead Mechanic
343,42,7.98,Electric Specialist
344,32,1.73,Inspector
345,3,3.58,Electric Specialist
346,18,3.01,Assistant Mechanic
347,24,3.81,Assistant Mechanic
347,8,4.53,Inspector
347,40,3.0,Electric Specialist
348,40,1.4,Lead Mechanic
348,16,5.34,Assistant Mechanic
349,33,1.97,Inspector
349,28,4.51,Electric Specialist
350,24,7.83,Lead Mechanic
350,26,1.5,Lead Mechanic
351,39,7.47,Assistant Mechanic
351,23,7.12,Lead Mechanic
352,45,6.67,Inspector
353,6,3.48,Lead Mechanic
354,25,4.04,Inspector
354,26,5.1,Lead Mechanic
355,18,1.04,Assistant Mechanic
356,10,5.64,Lead Mechanic
356,41,0.56,Assistant Mechanic
356,35,6.88,Inspector
357,12,5.15,Inspector
357,17,5.67,Inspector
357,29,2.68,Inspector
358,33,2.93,Inspector
359,34,4.36,Lead Mechanic
359,22,3.4,Lead Mechanic
359,39,2.79,Electric Specialist
360,34,4.84,Inspector
360,35,5.16,Inspector
360,39,6.26,Lead Mechanic
361,3,6.41,Lead Mechanic
361,10,4.78,Inspector
362,20,5.6,Assistant Mechanic
362,4,1.29,Lead Mechanic
362,23,1.9,Lead Mechanic
363,30,1.95,Lead Mechanic
363,32,2.97,Lead Mechanic
364,38,2.15,Assistant Mechanic
365,30,0.95,Assistant Mechanic
365,29,4.73,Assistant Mechanic
366,15,2.81,Assistant Mechanic
366,35,7.52,Electric Specialist
367,41,1.58,Assistant Mechanic
367,7,7.41,Assistant Mechanic
367,15,5.77,Inspector
368,45,6.18,Electric Specialist
368,2,1.8,Inspector
368,20,1.83,Lead Mechanic
369,43,6.7,Lead Mechanic
370,21,2.54,Inspector
370,20,0.62,Inspector
370,42,6.17,Lead Mechanic
371,44,5.68,Electric Specialist
372,6,1.27,Electric Specialist
372,1,4.13,Electric Specialist
372,32,2.24,Inspector
373,20,5.26,Electric Specialist
374,29,1.93,Electric Specialist
375,4,2.81,Assistant Mechanic
376,12,0.57,Inspector
376,44,7.43,Lead Mechanic
376,20,1.69,Electric Specialist
377,22,7.13,Assistant Mechanic
377,28,7.25,Inspector
377,41,2.0,Lead Mechanic
378,22,6.68,Lead Mechanic
378,24,1.67,Lead Mechanic
379,16,7.34,Electric Specialist
379,6,4.52,Electric Specialist
380,30,3.09,Inspector
380,29,3.5,Assistant Mechanic
381,16,6.23,Assistant Mechanic
381,14,0.76,Inspector
382,7,6.79,Assistant Mechanic
382,27,1.14,Lead Mechanic
382,33,5.66,Electric Specialist
383,5,6.17,Electric Specialist
384,33,4.02,Lead Mechanic
385,11,6.66,Assistant Mechanic
385,31,2.5,Electric Specialist
385,45,3.96,Assistant Mechanic
386,20,7.77,Electric Specialist
387,11,6.29,Assistant Mechanic
387,22,2.28,Inspector
388,13,6.76,Electric Specialist
388,40,6.89,Inspector
388,27,7.81,Electric Specialist
389,32,2.37,Assistant Mechanic
389,14,2.42,Assistant Mechanic
389,10,5.03,Lead Mechanic
390,15,1.54,Lead Mechanic
391,5,3.52,Inspector
391,34,3.53,Inspector
392,38,7.34,Inspector
392,10,7.42,Lead Mechanic
393,45,5.13,Assistant Mechanic
393,27,3.37,Electric Specialist
394,38,2.57,Assistant Mechanic
394,7,5.21,Lead Mechanic
394,13,1.67,Inspector
395,4,6.99,Assistant Mechanic
395,12,1.13,Electric Specialist
395,21,2.53,Electric Specialist
396,20,5.99,Lead Mechanic
397,10,1.31,Assistant Mechanic
397,18,5.7,Electric Specialist
398,25,3.67,Electric Specialist
398,10,0.91,Electric Specialist
399,16,7.09,Lead Mechanic
399,2,3.79,Inspector
400,26,7.79,Lead Mechanic
400,25,7.71,Inspector
401,14,5.77,Assistant Mechanic
401,5,3.97,Electric Specialist
401,40,3.32,Assistant Mechanic
402,31,2.79,Assistant Mechanic
402,12,7.21,Assistant Mechanic
403,33,6.37,Lead Mechanic
403,20,1.82,Electric Specialist
404,27,6.16,Assistant Mechanic
404,7,3.7,Lead Mechanic
404,9,1.7,Electric Specialist
405,39,5.0,Inspector
405,37,5.44,Lead Mechanic
406,20,3.55,Lead Mechanic
406,45,1.83,Electric Specialist
406,3,3.1,Lead Mechanic
407,1,4.69,Electric Specialist
407,19,6.75,Assistant Mechanic
407,3,1.57,Electric Specialist
408,18,0.73,Assistant Mechanic
408,34,2.57,Lead Mechanic
408,5,7.57,Electric Specialist
409,26,1.96,Electric Specialist
409,40,7.19,Lead Mechanic
410,2,3.02,Lead Mechanic
411,9,0.7,Electric Specialist
411,33,4.26,Inspector
412,31,1.35,Electric Specialist
412,1,7.99,Lead Mechanic
413,10,1.95,Assistant Mechanic
413,43,4.19,Lead Mechanic
413,16,3.5,Assistant Mechanic
414,36,6.59,Inspector
414,5,7.59,Assistant Mechanic
414,14,7.53,Inspector
415,15,5.37,Lead Mechanic
415,24,1.72,Lead Mechanic
416,24,6.5,Electric Specialist
416,35,2.14,Inspector
417,24,6.63,Lead Mechanic
417,9,3.05,Lead Mechanic
417,19,0.93,Inspector
418,2,6.0,Electric Specialist
419,1,4.67,Lead Mechanic
419,24,4.84,Assistant Mechanic
420,17,5.3,Lead Mechanic
420,14,3.03,Assistant Mechanic
420,38,1.72,Inspector
421,4,1.33,Electric Specialist
421,11,4.57,Electric Specialist
422,43,1.71,Assistant Mechanic
422,3,4.43,Lead Mechanic
423,40,5.04,Inspector
423,33,7.16,Lead Mechanic
424,31,7.66,Inspector
424,36,7.93,Assistant Mechanic
424,8,7.75,Lead Mechanic
425,5,4.68,Assistant Mechanic
425,21,7.61,Electric Specialist
425,16,6.21,Inspector
426,38,2.62,Inspector
426,13,2.22,Assistant Mechanic
427,42,3.73,Electric Specialist
427,10,4.6,Inspector
428,26,5.99,Lead Mechanic
428,28,1.32,Inspector
429,26,5.34,Electric Specialist
429,36,7.4,Electric Specialist
430,43,3.28,Electric Specialist
430,4,6.87,Electric Specialist
431,5,4.03,Assistant Mechanic
432,40,6.99,Inspector
432,25,6.12,Electric Specialist
432,7,2.21,Electric Specialist
433,35,1.62,Electric Specialist
433,2,5.98,Assistant Mechanic
434,13,1.34,Electric Specialist
434,1,5.19,Inspector
435,24,1.29,Inspector
435,10,7.06,Electric Specialist
436,36,7.33,Inspector
436,38,1.96,Electric Specialist
437,19,5.66,Lead Mechanic
437,20,5.51,Inspector
437,15,1.3,Inspector
438,30,3.15,Inspector
438,37,7.6,Electric Specialist
439,36,6.99,Inspector
440,28,7.54,Electric Specialist
440,29,5.32,Lead Mechanic
440,37,3.08,Electric Specialist
441,13,5.37,Assistant Mechanic
442,15,7.05,Electric Specialist
442,11,2.12,Lead Mechanic
442,31,3.46,Inspector
443,32,3.88,Electric Specialist
443,14,5.6,Electric Specialist
443,37,3.25,Electric Specialist
444,32,4.5,Lead Mechanic
444,7,5.56,Electric Specialist
445,15,0.79,Electric Specialist
445,18,1.31,Electric Specialist
446,23,6.53,Inspector
446,8,3.64,Assistant Mechanic
446,6,6.66,Inspector
447,4,0.87,Lead Mechanic
447,27,0.76,Lead Mechanic
448,12,5.11,Electric Specialist
448,28,7.43,Assistant Mechanic
449,33,6.76,Assistant Mechanic
449,45,2.11,Assistant Mechanic
450,14,2.0,Electric Specialist
450,32,6.48,Assistant Mechanic
451,13,4.86,Lead Mechanic
451,27,6.16,Lead Mechanic
452,28,4.05,Electric Specialist
453,28,3.94,Inspector
454,38,5.29,Electric Specialist
454,6,6.54,Lead Mechanic
455,11,5.14,Assistant Mechanic
456,38,3.18,Lead Mechanic
456,17,7.09,Electric Specialist
456,44,2.57,Lead Mechanic
457,44,3.13,Lead Mechanic
457,7,3.74,Electric Specialist
458,11,2.99,Assistant Mechanic
458,36,0.88,Inspector
459,24,5.71,Electric Specialist
459,31,4.5,Inspector
460,12,6.99,Lead Mechanic
460,10,0.64,Electric Specialist
460,9,7.45,Inspector
461,44,5.35,Inspector
461,40,5.31,Inspector
461,31,2.54,Lead Mechanic
462,33,5.44,Lead Mechanic
463,19,7.59,Lead Mechanic
464,25,6.86,Assistant Mechanic
464,36,1.01,Electric Specialist
464,30,0.71,Electric Specialist
465,34,5.32,Lead Mechanic
465,31,7.69,Lead Mechanic
466,40,1.56,Lead Mechanic
466,25,7.67,Electric Specialist
467,10,2.26,Inspector
468,45,4.31,Electric Specialist
468,22,6.55,Lead Mechanic
469,44,3.55,Electric Specialist
469,41,3.18,Lead Mechanic
469,7,6.74,Electric Specialist
470,45,1.75,Assistant Mechanic
470,11,7.7,Lead Mechanic
471,25,0.71,Lead Mechanic
471,5,2.28,Lead Mechanic
471,44,5.82,Inspector
472,37,7.45,Assistant Mechanic
473,37,4.63,Inspector
473,17,4.47,Lead Mechanic
473,32,5.71,Electric Specialist
474,44,7.88,Assistant Mechanic
475,45,2.76,Electric Specialist
475,29,4.75,Inspector
476,20,2.84,Lead Mechanic
477,30,3.72,Electric Specialist
477,24,1.17,Electric Specialist
477,25,1.89,Assistant Mechanic
478,16,4.88,Assistant Mechanic
479,24,7.38,Electric Specialist
479,1,6.57,Lead Mechanic
479,8,0.8,Assistant Mechanic
480,7,3.44,Lead Mechanic
481,30,5.52,Lead Mechanic
481,10,7.04,Inspector
481,25,5.44,Lead Mechanic
482,15,2.1,Lead Mechanic
482,34,5.02,Inspector
482,35,3.06,Lead Mechanic
483,43,6.78,Lead Mechanic
483,31,5.01,Assistant Mechanic
484,18,1.47,Lead Mechanic
485,36,3.24,Lead Mechanic
486,11,2.2,Lead Mechanic
486,31,6.24,Electric Specialist
487,23,4.18,Assistant Mechanic
487,27,1.89,Lead Mechanic
488,33,3.42,Inspector
489,2,7.71,Inspector
489,45,1.44,Lead Mechanic
489,16,7.54,Inspector
490,39,1.7,Inspector
490,41,4.89,Inspector
490,12,2.41,Inspector
491,26,3.74,Lead Mechanic
492,37,1.83,Assistant Mechanic
492,41,1.51,Electric Specialist
493,45,2.58,Electric Specialist
493,44,0.99,Assistant Mechanic
494,36,6.53,Inspector
494,11,5.66,Lead Mechanic
494,23,2.71,Assistant Mechanic
495,8,5.81,Assistant Mechanic
496,23,6.02,Inspector
496,25,1.08,Assistant Mechanic
497,34,5.29,Electric Specialist
498,29,7.55,Lead Mechanic
499,32,3.05,Inspector
499,8,3.82,Assistant Mechanic
499,13,1.62,Inspector
500,4,7.17,Inspector
501,4,3.73,Inspector
501,15,4.85,Inspector
502,2,5.96,Electric Specialist
502,32,6.82,Assistant Mechanic
503,1,5.81,Lead Mechanic
503,45,7.23,Lead Mechanic
503,17,5.96,Assistant Mechanic
504,42,7.91,Electric Specialist
505,12,5.77,Lead Mechanic
506,32,3.4,Electric Specialist
506,6,1.86,Electric Specialist
507,10,1.59,Inspector
508,3,6.39,Electric Specialist
509,7,0.62,Assistant Mechanic
510,36,2.05,Assistant Mechanic
511,38,1.15,Assistant Mechanic
512,8,4.52,Inspector
512,37,6.82,Inspector
512,16,6.51,Assistant Mechanic
513,44,1.01,Assistant Mechanic
514,4,4.11,Assistant Mechanic
515,15,4.91,Assistant Mechanic
516,35,6.62,Electric Specialist
516,34,7.47,Lead Mechanic
516,31,2.08,Lead Mechanic
517,10,4.31,Electric Specialist
517,15,4.28,Lead Mechanic
518,38,6.6,Electric Specialist
518,1,5.12,Inspector
518,31,1.68,Electric Specialist
519,3,7.13,Inspector
519,39,1.62,Assistant Mechanic
520,40,7.37,Inspector
520,5,6.89,Lead Mechanic
520,13,2.19,Electric Specialist
521,42,5.54,Inspector
521,17,6.56,Lead Mechanic
521,35,6.46,Inspector
522,18,5.53,Assistant Mechanic
522,11,2.45,Lead Mechanic
523,24,5.88,Inspector
524,5,4.44,Assistant Mechanic
524,1,5.25,Lead Mechanic
525,7,7.19,Electric Specialist
525,1,2.55,Inspector
526,6,3.05,Electric Specialist
527,44,5.74,Electric Specialist
527,26,5.6,Inspector
528,32,2.27,Lead Mechanic
528,22,6.09,Electric Specialist
529,15,1.47,Electric Specialist
529,24,4.43,Lead Mechanic
529,13,0.59,Lead Mechanic
530,10,7.81,Electric Specialist
530,8,2.42,Inspector
531,38,1.18,Lead Mechanic
531,13,6.55,Inspector
532,44,2.66,Lead Mechanic
532,5,5.85,Lead Mechanic
532,25,4.2,Inspector
533,22,4.99,Electric Specialist
533,8,2.66,Assistant Mechanic
534,2,3.35,Electric Specialist
535,40,0.6,Electric Specialist
536,18,1.73,Inspector
536,34,1.71,Electric Specialist
536,19,6.82,Electric Specialist
537,39,2.14,Electric Specialist
538,42,7.34,Lead Mechanic
538,19,6.28,Electric Specialist
538,32,3.15,Inspector
539,42,2.03,Inspector
539,37,7.73,Inspector
539,36,5.5,Inspector
540,16,1.93,Lead Mechanic
541,27,7.3,Assistant Mechanic
541,39,1.5,Assistant Mechanic
541,24,2.57,Assistant Mechanic
542,23,3.64,Electric Specialist
542,8,4.64,Assistant Mechanic
543,32,6.2,Inspector
543,31,2.22,Electric Specialist
543,11,6.92,Inspector
544,30,6.84,Electric Specialist
545,40,3.62,Inspector
545,28,3.2,Assistant Mechanic
545,21,6.42,Assistant Mechanic
546,17,7.58,Electric Specialist
546,2,3.74,Electric Specialist
546,14,2.75,Inspector
547,18,3.63,Inspector
547,20,1.62,Assistant Mechanic
547,1,1.71,Assistant Mechanic
548,38,0.54,Lead Mechanic
548,15,1.05,Electric Specialist
549,8,5.38,Assistant Mechanic
550,2,5.71,Inspector
550,11,7.75,Inspector
550,3,3.86,Assistant Mechanic
551,13,5.5,Electric Specialist
551,35,6.0,Lead Mechanic
551,28,4.59,Electric Specialist
552,38,1.31,Assistant Mechanic
553,28,7.82,Electric Specialist
553,44,4.94,Lead Mechanic
553,18,6.36,Inspector
554,5,0.85,Electric Specialist
554,33,7.31,Assistant Mechanic
554,20,3.16,Assistant Mechanic
555,33,6.39,Inspector
556,30,3.41,Assistant Mechanic
556,19,1.74,Inspector
556,5,3.16,Assistant Mechanic
557,28,3.56,Lead Mechanic
558,15,3.02,Lead Mechanic
559,41,5.43,Lead Mechanic
559,37,1.38,Assistant Mechanic
560,37,0.71,Inspector
560,5,1.06,Assistant Mechanic
560,16,3.9,Lead Mechanic
561,42,1.16,Electric Specialist
561,34,7.99,Electric Specialist
562,4,1.55,Assistant Mechanic
562,22,0.76,Inspector
562,25,3.94,Electric Specialist
563,33,3.03,Inspector
563,34,1.98,Electric Specialist
564,21,1.67,Inspector
564,33,2.44,Assistant Mechanic
565,14,2.15,Lead Mechanic
565,16,0.81,Lead Mechanic
566,30,3.36,Electric Specialist
566,7,6.59,Assistant Mechanic
567,19,7.98,Assistant Mechanic
568,16,6.73,Lead Mechanic
568,42,7.32,Lead Mechanic
569,19,1.17,Inspector
569,1,1.51,Electric Specialist
569,7,5.48,Lead Mechanic
570,32,1.23,Electric Specialist
570,43,3.11,Electric Specialist
570,19,5.39,Electric Specialist
571,32,0.78,Inspector
572,16,4.06,Electric Specialist
572,41,5.78,Lead Mechanic
572,43,2.41,Inspector
573,21,3.14,Inspector
574,11,1.64,Inspector
574,9,3.94,Electric Specialist
575,3,5.08,Inspector
575,4,6.37,Lead Mechanic
576,6,3.35,Assistant Mechanic
576,42,3.3,Lead Mechanic
576,10,3.27,Inspector
577,35,6.4,Inspector
578,20,7.98,Electric Specialist
578,4,3.01,Lead Mechanic
578,33,4.64,Electric Specialist
579,24,2.54,Inspector
579,18,7.3,Electric Specialist
579,43,7.68,Inspector
580,28,1.7,Inspector
580,5,0.63,Lead Mechanic
581,21,5.09,Inspector
581,9,0.69,Lead Mechanic
581,12,3.18,Electric Specialist
582,11,5.89,Inspector
582,38,1.78,Lead Mechanic
583,7,3.94,Assistant Mechanic
584,38,2.75,Inspector
585,12,0.68,Assistant Mechanic
586,6,4.99,Inspector
586,44,3.97,Electric Specialist
587,19,1.33,Assistant Mechanic
588,10,0.8,Electric Specialist
588,14,2.19,Electric Specialist
589,41,2.09,Lead Mechanic
590,29,4.83,Inspector
590,30,2.07,Inspector
590,17,7.31,Assistant Mechanic
591,35,7.01,Inspector
591,21,2.93,Inspector
592,21,2.53,Inspector
593,27,7.47,Inspector
594,36,4.2,Inspector
595,1,7.89,Inspector
596,26,6.88,Lead Mechanic
596,3,7.46,Inspector
596,28,2.75,Assistant Mechanic
597,45,4.76,Electric Specialist
597,4,4.84,Assistant Mechanic
598,22,4.14,Lead Mechanic
598,45,1.26,Inspector
599,34,4.59,Electric Specialist
600,37,3.05,Inspector
601,18,0.55,Inspector
601,23,7.23,Assistant Mechanic
602,25,4.12,Inspector
602,23,4.06,Lead Mechanic
602,16,5.06,Inspector
603,36,7.32,Lead Mechanic
603,16,3.17,Assistant Mechanic
604,20,1.87,Inspector
604,2,3.22,Electric Specialist
605,4,1.83,Inspector
605,8,0.65,Assistant Mechanic
605,18,3.71,Assistant Mechanic
606,35,2.74,Assistant Mechanic
606,15,7.07,Lead Mechanic
607,18,3.09,Lead Mechanic
608,41,0.7,Inspector
608,19,1.91,Inspector
608,25,5.26,Assistant Mechanic
609,40,3.67,Electric Specialist
610,20,5.03,Electric Specialist
611,4,6.07,Electric Specialist
611,24,3.87,Assistant Mechanic
612,37,3.19,Inspector
612,3,1.94,Assistant Mechanic
612,17,6.54,Assistant Mechanic
613,39,7.91,Assistant Mechanic
614,45,1.67,Lead Mechanic
615,3,1.38,Lead Mechanic
615,36,2.13,Electric Specialist
615,8,4.03,Lead Mechanic
616,29,6.06,Lead Mechanic
617,45,6.31,Electric Specialist
617,26,7.38,Electric Specialist
617,36,6.97,Electric Specialist
618,43,7.48,Assistant Mechanic
618,33,7.54,Electric Specialist
618,20,2.9,Assistant Mechanic
619,35,1.0,Assistant Mechanic
620,9,5.05,Lead Mechanic
620,19,1.31,Inspector
621,24,2.79,Assistant Mechanic
622,25,4.37,Inspector
622,40,4.09,Assistant Mechanic
623,19,2.87,Assistant Mechanic
623,16,6.93,Assistant Mechanic
623,38,7.85,Lead Mechanic
624,22,6.28,Inspector
625,19,1.65,Lead Mechanic
625,37,0.76,Assistant Mechanic
625,27,6.8,Lead Mechanic
626,1,1.34,Assistant Mechanic
627,43,7.7,Electric Specialist
627,35,0.95,Lead Mechanic
628,15,3.16,Inspector
628,33,3.23,Lead Mechanic
629,7,4.58,Electric Specialist
629,41,6.86,Electric Specialist
630,20,1.69,Electric Specialist
631,19,2.79,Electric Specialist
632,31,6.7,Lead Mechanic
632,1,1.15,Lead Mechanic
633,41,7.15,Electric Specialist
634,40,2.02,Inspector
634,7,5.42,Electric Specialist
635,34,3.19,Electric Specialist
635,38,2.49,Inspector
636,32,3.04,Assistant Mechanic
637,29,4.16,Lead Mechanic
638,24,6.32,Electric Specialist
639,23,3.58,Electric Specialist
640,14,4.22,Inspector
641,20,4.6,Lead Mechanic
642,4,2.38,Lead Mechanic
642,2,7.35,Lead Mechanic
642,11,6.53,Electric Specialist
643,25,3.42,Electric Specialist
643,2,7.93,Assistant Mechanic
644,43,3.28,Electric Specialist
644,38,4.58,Inspector
645,8,1.47,Inspector
645,7,4.26,Assistant Mechanic
646,31,7.8,Assistant Mechanic
647,17,1.61,Inspector
647,41,0.91,Inspector
648,36,6.87,Lead Mechanic
648,37,2.02,Electric Specialist
649,28,1.03,Electric Specialist
650,19,6.87,Lead Mechanic
650,38,5.25,Electric Specialist
650,43,7.05,Assistant Mechanic
651,39,1.15,Inspector
651,20,5.34,Inspector
652,38,3.99,Assistant Mechanic
653,3,5.03,Electric Specialist
654,15,6.91,Assistant Mechanic
655,18,4.6,Assistant Mechanic
655,11,4.22,Inspector
655,38,5.11,Assistant Mechanic
656,20,7.09,Inspector
656,25,3.37,Electric Specialist
657,37,6.88,Lead Mechanic
657,28,2.37,Lead Mechanic
658,5,7.62,Inspector
659,11,5.89,Lead Mechanic
660,38,7.53,Lead Mechanic
660,23,1.73,Electric Specialist
661,36,3.38,Assistant Mechanic
661,34,2.24,Assistant Mechanic
661,27,7.54,Lead Mechanic
662,16,5.42,Inspector
663,11,5.9,Inspector
663,12,3.21,Lead Mechanic
663,21,2.07,Electric Specialist
664,35,1.27,Lead Mechanic
664,43,7.95,Assistant Mechanic
665,18,4.02,Electric Specialist
666,4,4.33,Inspector
667,18,1.85,Assistant Mechanic
668,23,7.62,Inspector
668,29,5.6,Inspector
669,8,6.18,Assistant Mechanic
669,29,0.54,Electric Specialist
669,15,3.04,Inspector
670,30,3.87,Lead Mechanic
670,26,7.69,Inspector
670,24,6.02,Lead Mechanic
671,26,3.02,Lead Mechanic
671,23,6.43,Assistant Mechanic
672,25,1.07,Assistant Mechanic
672,17,3.76,Lead Mechanic
672,10,4.1,Lead Mechanic
673,31,7.1,Assistant Mechanic
673,11,6.62,Assistant Mechanic
674,45,2.0,Lead Mechanic
674,19,4.73,Inspector
674,22,1.11,Inspector
675,7,5.46,Inspector
675,36,2.51,Lead Mechanic
676,34,2.94,Assistant Mechanic
677,1,2.55,Assistant Mechanic
677,43,0.64,Electric Specialist
677,39,6.21,Electric Specialist
678,7,4.93,Electric Specialist
678,45,4.93,Electric Specialist
678,40,2.97,Lead Mechanic
679,7,1.29,Electric Specialist
680,43,7.42,Electric Specialist
681,5,7.31,Lead Mechanic
681,22,3.67,Electric Specialist
681,29,1.01,Inspector
682,31,5.57,Electric Specialist
682,4,3.73,Inspector
683,28,4.63,Lead Mechanic
684,36,7.95,Inspector
685,42,4.37,Electric Specialist
686,20,7.02,Inspector
686,4,7.61,Inspector
686,5,7.5,Lead Mechanic
687,24,4.36,Inspector
687,2,1.17,Lead Mechanic
687,26,1.1,Electric Specialist
688,32,4.33,Lead Mechanic
688,13,4.7,Inspector
688,18,1.38,Inspector
689,26,3.31,Lead Mechanic
689,27,5.72,Electric Specialist
689,29,4.79,Inspector
690,9,1.94,Assistant Mechanic
691,19,3.39,Assistant Mechanic
691,12,5.1,Electric Specialist
691,44,4.91,Inspector
692,7,6.6,Inspector
692,15,3.98,Lead Mechanic
693,28,4.6,Inspector
694,5,1.59,Inspector
694,41,7.13,Lead Mechanic
695,15,4.39,Electric Specialist
696,40,0.83,Lead Mechanic
696,44,7.27,Electric Specialist
696,13,3.44,Lead Mechanic
697,1,3.47,Assistant Mechanic
697,37,6.03,Electric Specialist
698,37,7.71,Assistant Mechanic
699,37,2.02,Electric Specialist
699,23,1.76,Lead Mechanic
700,37,1.99,Electric Specialist
700,36,1.47,Assistant Mechanic
700,24,6.48,Lead Mechanic
701,26,3.26,Inspector
701,30,7.1,Lead Mechanic
702,37,2.1,Lead Mechanic
702,32,2.3,Inspector
703,16,3.31,Lead Mechanic
703,31,7.61,Assistant Mechanic
703,17,0.53,Electric Specialist
704,9,4.37,Electric Specialist
704,37,7.42,Lead Mechanic
704,17,2.59,Electric Specialist
705,10,2.74,Electric Specialist
705,38,5.9,Lead Mechanic
706,5,3.89,Lead Mechanic
706,28,0.77,Electric Specialist
706,14,1.6,Assistant Mechanic
707,34,5.83,Assistant Mechanic
707,35,4.84,Electric Specialist
707,36,0.52,Electric Specialist
708,3,2.87,Assistant Mechanic
708,5,7.2,Inspector
709,12,2.37,Lead Mechanic
709,18,7.43,Assistant Mechanic
709,19,5.15,Assistant Mechanic
710,7,0.66,Assistant Mechanic
711,31,6.9,Lead Mechanic
711,42,0.77,Assistant Mechanic
712,22,1.6,Lead Mechanic
712,43,6.45,Assistant Mechanic
712,17,1.31,Lead Mechanic
713,4,1.91,Electric Specialist
713,16,1.28,Assistant Mechanic
713,18,7.11,Inspector
714,20,6.42,Assistant Mechanic
714,23,7.43,Inspector
714,2,5.64,Electric Specialist
715,24,4.96,Electric Specialist
715,36,2.6,Inspector
715,7,3.62,Electric Specialist
716,35,1.78,Assistant Mechanic
716,10,6.43,Electric Specialist
717,11,0.56,Electric Specialist
717,22,2.59,Electric Specialist
718,45,7.97,Electric Specialist
719,9,3.21,Inspector
719,25,7.36,Electric Specialist
720,6,2.52,Lead Mechanic
720,10,1.13,Electric Specialist
721,3,6.5,Inspector
721,7,5.78,Lead Mechanic
721,11,6.75,Lead Mechanic
722,45,3.57,Electric Specialist
723,12,0.67,Electric Specialist
723,7,5.08,Assistant Mechanic
724,12,3.32,Inspector
724,6,4.02,Lead Mechanic
725,4,3.35,Lead Mechanic
726,5,7.38,Assistant Mechanic
726,3,2.61,Assistant Mechanic
727,38,3.18,Inspector
728,43,3.08,Electric Specialist
729,45,1.61,Electric Specialist
729,25,6.09,Electric Specialist
729,19,1.8,Inspector
730,9,5.56,Lead Mechanic
730,32,4.44,Electric Specialist
731,28,7.36,Inspector
732,25,0.63,Electric Specialist
732,10,2.61,Inspector
733,23,4.83,Lead Mechanic
733,31,5.5,Electric Specialist
733,5,2.0,Assistant Mechanic
734,5,7.64,Lead Mechanic
734,17,2.59,Electric Specialist
734,10,5.42,Lead Mechanic
735,28,5.48,Inspector
736,9,4.21,Assistant Mechanic
736,38,4.38,Assistant Mechanic
736,1,6.87,Inspector
737,30,1.36,Assistant Mechanic
738,17,4.17,Electric Specialist
738,10,5.51,Inspector
738,20,5.49,Assistant Mechanic
739,9,2.86,Electric Specialist
740,27,5.93,Inspector
741,2,2.6,Inspector
742,17,1.38,Assistant Mechanic
743,18,3.72,Electric Specialist
743,45,7.37,Assistant Mechanic
743,24,5.03,Lead Mechanic
744,3,5.99,Lead Mechanic
744,6,3.39,Assistant Mechanic
744,9,3.15,Electric Specialist
745,41,5.09,Electric Specialist
745,38,5.15,Electric Specialist
746,26,3.17,Inspector
746,30,3.34,Electric Specialist
747,25,7.52,Inspector
747,26,7.73,Lead Mechanic
748,20,5.77,Lead Mechanic
749,38,7.32,Assistant Mechanic
749,18,1.75,Assistant Mechanic
750,8,3.67,Inspector
751,23,1.52,Inspector
751,13,5.91,Inspector
751,45,5.68,Assistant Mechanic
752,20,3.49,Lead Mechanic
753,19,4.79,Assistant Mechanic
754,40,6.77,Inspector
754,3,6.82,Lead Mechanic
755,36,3.24,Inspector
755,13,3.5,Lead Mechanic
755,28,2.92,Lead Mechanic
756,15,3.15,Electric Specialist
756,31,4.82,Lead Mechanic
756,27,0.77,Electric Specialist
757,14,0.63,Lead Mechanic
757,17,4.23,Lead Mechanic
757,6,7.76,Inspector
758,43,7.5,Assistant Mechanic
759,18,1.34,Electric Specialist
759,24,7.83,Lead Mechanic
760,45,5.06,Inspector
761,10,5.66,Lead Mechanic
762,44,4.89,Lead Mechanic
762,36,7.57,Lead Mechanic
762,22,1.59,Lead Mechanic
763,22,3.18,Inspector
763,37,4.78,Assistant Mechanic
764,5,5.71,Lead Mechanic
764,39,3.75,Inspector
765,14,6.58,Lead Mechanic
765,25,4.59,Lead Mechanic
766,31,1.47,Lead Mechanic
766,1,5.53,Assistant Mechanic
766,14,5.7,Assistant Mechanic
767,13,7.07,Inspector
767,26,7.82,Lead Mechanic
767,5,4.02,Assistant Mechanic
768,42,3.64,Lead Mechanic
769,35,7.06,Lead Mechanic
769,8,6.98,Inspector
770,36,7.63,Electric Specialist
770,32,1.37,Electric Specialist
771,31,0.61,Lead Mechanic
772,14,6.75,Inspector
772,35,3.13,Assistant Mechanic
773,21,4.88,Electric Specialist
773,41,7.45,Assistant Mechanic
774,13,5.48,Assistant Mechanic
775,13,6.52,Lead Mechanic
776,12,2.41,Electric Specialist
776,20,3.35,Electric Specialist
776,13,1.46,Lead Mechanic
777,45,6.54,Assistant Mechanic
778,22,2.2,Inspector
779,1,0.52,Inspector
779,25,3.64,Lead Mechanic
780,9,5.89,Inspector
780,1,4.97,Inspector
780,22,2.43,Electric Specialist
781,15,2.0,Lead Mechanic
781,40,0.71,Inspector
782,7,1.92,Assistant Mechanic
782,13,2.08,Assistant Mechanic
782,44,7.64,Inspector
783,29,3.13,Lead Mechanic
784,1,3.12,Inspector
784,29,4.51,Inspector
784,43,7.69,Inspector
785,16,4.69,Electric Specialist
785,33,1.16,Assistant Mechanic
785,28,7.19,Inspector
786,32,7.42,Lead Mechanic
786,40,4.09,Assistant Mechanic
786,1,0.81,Lead Mechanic
787,9,2.38,Inspector
787,37,3.4,Assistant Mechanic
788,28,3.81,Lead Mechanic
788,26,7.35,Assistant Mechanic
789,26,4.39,Assistant Mechanic
789,12,2.03,Electric Specialist
789,45,3.01,Electric Specialist
790,8,5.51,Assistant Mechanic
791,19,1.98,Inspector
792,13,4.78,Assistant Mechanic
792,40,7.24,Assistant Mechanic
792,15,4.34,Assistant Mechanic
793,33,7.13,Inspector
793,8,6.07,Electric Specialist
793,23,0.6,Lead Mechanic
794,36,5.43,Inspector
795,30,3.38,Lead Mechanic
795,2,2.04,Inspector
796,34,5.13,Assistant Mechanic
796,11,2.51,Inspector
797,15,7.18,Lead Mechanic
798,35,2.84,Assistant Mechanic
798,34,4.93,Assistant Mechanic
799,40,3.44,Assistant Mechanic
799,25,7.04,Assistant Mechanic
799,2,4.57,Assistant Mechanic
800,40,1.32,Assistant Mechanic
801,19,6.09,Electric Specialist
801,31,2.59,Inspector
801,45,6.54,Electric Specialist
802,44,5.48,Electric Specialist
802,1,4.28,Electric Specialist
802,13,3.2,Assistant Mechanic
803,39,7.45,Lead Mechanic
803,20,6.65,Assistant Mechanic
804,42,2.92,Inspector
804,27,4.4,Assistant Mechanic
804,19,3.95,Lead Mechanic
805,23,7.64,Lead Mechanic
805,39,5.18,Inspector
805,6,1.33,Assistant Mechanic
806,20,3.84,Assistant Mechanic
806,44,4.84,Lead Mechanic
807,33,0.83,Lead Mechanic
807,19,6.48,Electric Specialist
807,20,6.35,Lead Mechanic
808,12,5.63,Electric Specialist
808,13,1.33,Assistant Mechanic
808,6,3.15,Assistant Mechanic
809,43,5.66,Assistant Mechanic
809,34,7.65,Lead Mechanic
809,17,5.29,Lead Mechanic
810,24,5.09,Lead Mechanic
810,21,7.82,Inspector
811,11,1.32,Electric Specialist
812,41,6.58,Inspector
812,20,7.68,Assistant Mechanic
813,22,6.89,Assistant Mechanic
813,8,6.38,Electric Specialist
814,20,3.94,Assistant Mechanic
815,30,6.23,Assistant Mechanic
816,2,6.4,Assistant Mechanic
816,25,1.33,Assistant Mechanic
817,15,7.84,Inspector
818,8,5.22,Electric Specialist
818,16,7.9,Inspector
818,40,1.12,Electric Specialist
819,12,3.31,Inspector
819,45,0.73,Inspector
819,17,4.3,Electric Specialist
820,15,6.65,Inspector
821,5,5.18,Inspector
821,37,6.32,Inspector
821,43,1.67,Assistant Mechanic
822,10,4.12,Lead Mechanic
822,40,1.87,Inspector
822,29,3.16,Inspector
823,19,1.68,Lead Mechanic
823,9,2.91,Electric Specialist
824,37,1.33,Electric Specialist
825,16,3.25,Assistant Mechanic
825,42,3.92,Electric Specialist
826,14,0.53,Lead Mechanic
826,10,3.8,Inspector
826,4,7.75,Inspector
827,28,1.49,Inspector
827,13,5.37,Lead Mechanic
828,27,1.03,Inspector
828,9,5.68,Electric Specialist
829,36,2.04,Inspector
829,25,6.62,Lead Mechanic
830,42,0.62,Electric Specialist
831,16,3.71,Lead Mechanic
831,34,1.46,Electric Specialist
832,44,3.92,Inspector
833,22,2.2,Lead Mechanic
834,41,2.99,Inspector
834,36,1.87,Electric Specialist
834,27,3.43,Lead Mechanic
835,11,2.54,Electric Specialist
835,30,0.93,Assistant Mechanic
836,6,6.22,Assistant Mechanic
836,1,6.53,Electric Specialist
837,16,3.3,Electric Specialist
838,38,4.91,Electric Specialist
839,22,6.84,Lead Mechanic
839,1,5.03,Lead Mechanic
840,18,7.98,Lead Mechanic
840,43,6.51,Electric Specialist
841,5,5.6,Assistant Mechanic
841,41,6.5,Electric Specialist
841,12,1.3,Inspector
842,41,1.87,Inspector
842,22,5.22,Assistant Mechanic
843,36,5.95,Lead Mechanic
843,44,1.35,Lead Mechanic
844,15,7.43,Assistant Mechanic
845,23,1.06,Electric Specialist
845,13,5.28,Inspector
845,8,5.27,Lead Mechanic
846,9,7.14,Assistant Mechanic
846,10,2.47,Lead Mechanic
847,37,5.65,Electric Specialist
847,28,6.39,Assistant Mechanic
847,2,4.16,Electric Specialist
848,30,5.43,Lead Mechanic
848,1,3.38,Lead Mechanic
849,4,5.88,Lead Mechanic
849,22,5.84,Inspector
850,23,1.22,Assistant Mechanic
851,36,5.98,Lead Mechanic
852,7,5.94,Lead Mechanic
852,43,3.91,Lead Mechanic
852,19,2.55,Assistant Mechanic
853,15,3.91,Assistant Mechanic
853,7,6.98,Electric Specialist
854,23,7.27,Inspector
855,10,2.68,Lead Mechanic
856,16,7.49,Lead Mechanic
857,36,1.54,Assistant Mechanic
857,7,7.05,Electric Specialist
858,35,2.14,Assistant Mechanic
858,45,4.04,Assistant Mechanic
859,42,6.41,Inspector
859,40,3.56,Electric Specialist
859,27,7.77,Inspector
860,26,5.22,Inspector
860,33,3.79,Assistant Mechanic
861,40,3.31,Electric Specialist
862,37,1.85,Assistant Mechanic
862,7,4.96,Inspector
863,42,2.41,Assistant Mechanic
863,39,0.54,Inspector
864,30,2.47,Lead Mechanic
864,33,6.01,Assistant Mechanic
865,4,4.1,Electric Specialist
866,20,5.42,Inspector
867,3,7.48,Electric Specialist
867,42,0.6,Lead Mechanic
867,44,7.99,Assistant Mechanic
868,27,8.0,Lead Mechanic
868,40,4.33,Lead Mechanic
869,42,4.46,Lead Mechanic
869,15,1.33,Inspector
869,31,3.94,Inspector
870,45,2.41,Assistant Mechanic
870,17,6.31,Assistant Mechanic
871,26,1.5,Lead Mechanic
871,31,4.72,Inspector
872,6,0.56,Inspector
873,44,3.52,Assistant Mechanic
873,9,1.03,Inspector
874,6,6.54,Assistant Mechanic
874,20,5.6,Lead Mechanic
875,1,4.5,Electric Specialist
876,27,2.81,Electric Specialist
876,20,7.22,Assistant Mechanic
876,7,1.7,Inspector
877,28,7.73,Assistant Mechanic
877,38,1.09,Inspector
878,15,4.52,Lead Mechanic
878,23,5.92,Electric Specialist
878,19,2.01,Electric Specialist
879,5,5.56,Lead Mechanic
879,38,2.28,Electric Specialist
880,16,1.23,Assistant Mechanic
880,6,6.64,Inspector
881,13,2.89,Assistant Mechanic
881,30,2.06,Inspector
881,43,1.36,Inspector
882,5,4.81,Lead Mechanic
882,41,5.48,Electric Specialist
882,19,2.49,Electric Specialist
883,9,4.91,Lead Mechanic
883,15,1.28,Assistant Mechanic
884,4,3.79,Lead Mechanic
885,43,7.4,Inspector
885,37,4.52,Electric Specialist
886,17,1.58,Assistant Mechanic
887,29,4.95,Electric Specialist
887,30,4.09,Assistant Mechanic
887,27,1.48,Inspector
888,38,3.37,Electric Specialist
888,26,6.39,Assistant Mechanic
889,41,7.65,Electric Specialist
889,31,6.79,Assistant Mechanic
889,14,4.62,Inspector
890,8,1.37,Electric Specialist
890,10,1.85,Electric Specialist
891,25,6.26,Assistant Mechanic
891,34,4.08,Inspector
891,41,1.77,Lead Mechanic
892,17,4.57,Inspector
892,11,2.68,Lead Mechanic
892,26,5.23,Electric Specialist
893,34,7.53,Assistant Mechanic
893,37,7.88,Lead Mechanic
893,22,5.18,Assistant Mechanic
894,3,7.41,Inspector
895,7,4.09,Inspector
896,20,7.68,Inspector
897,17,6.11,Inspector
897,23,2.84,Assistant Mechanic
898,2,5.64,Inspector
898,20,7.98,Lead Mechanic
899,14,3.69,Electric Specialist
899,6,6.26,Inspector
900,32,0.91,Lead Mechanic
901,15,3.8,Lead Mechanic
902,29,6.48,Lead Mechanic
902,18,1.5,Lead Mechanic
903,44,0.66,Lead Mechanic
903,26,5.7,Inspector
904,38,6.14,Lead Mechanic
904,1,5.2,Lead Mechanic
905,33,6.58,Inspector
905,1,1.63,Lead Mechanic
905,29,4.08,Assistant Mechanic
906,36,7.55,Electric Specialist
907,10,6.76,Electric Specialist
907,25,6.31,Electric Specialist
908,15,5.14,Electric Specialist
908,18,7.8,Lead Mechanic
909,21,3.29,Inspector
909,3,6.19,Lead Mechanic
909,34,5.84,Electric Specialist
910,5,7.22,Assistant Mechanic
910,28,7.69,Assistant Mechanic
911,5,7.66,Inspector
911,39,1.56,Lead Mechanic
912,8,3.64,Lead Mechanic
912,33,5.49,Electric Specialist
913,16,1.55,Lead Mechanic
913,45,7.99,Electric Specialist
913,31,2.41,Inspector
914,30,2.35,Assistant Mechanic
914,6,5.49,Lead Mechanic
915,38,2.4,Lead Mechanic
915,27,2.21,Lead Mechanic
915,14,2.78,Assistant Mechanic
916,10,5.31,Electric Specialist
916,24,4.75,Inspector
917,42,5.96,Assistant Mechanic
918,22,4.67,Lead Mechanic
919,32,1.74,Inspector
919,45,0.52,Electric Specialist
919,25,3.33,Lead Mechanic
920,3,3.76,Lead Mechanic
921,23,6.45,Lead Mechanic
921,33,4.47,Assistant Mechanic
921,5,5.87,Electric Specialist
922,13,7.93,Lead Mechanic
922,28,2.74,Lead Mechanic
923,5,4.69,Lead Mechanic
923,36,7.71,Electric Specialist
923,31,2.76,Assistant Mechanic
924,42,1.83,Lead Mechanic
924,5,2.64,Electric Specialist
925,34,7.73,Lead Mechanic
926,20,0.98,Assistant Mechanic
927,10,1.11,Assistant Mechanic
928,35,3.91,Lead Mechanic
929,44,3.4,Assistant Mechanic
930,11,3.83,Inspector
930,33,7.6,Assistant Mechanic
930,38,4.01,Electric Specialist
931,28,7.49,Inspector
931,45,5.33,Lead Mechanic
932,38,1.53,Electric Specialist
932,20,1.45,Inspector
932,24,5.07,Inspector
933,1,3.39,Inspector
933,13,5.71,Assistant Mechanic
933,32,7.85,Lead Mechanic
934,33,3.21,Assistant Mechanic
934,17,6.67,Inspector
934,21,2.68,Inspector
935,11,4.32,Lead Mechanic
936,6,6.14,Assistant Mechanic
936,16,1.61,Inspector
937,28,2.08,Assistant Mechanic
937,7,7.46,Assistant Mechanic
937,16,0.58,Electric Specialist
938,41,7.26,Lead Mechanic
939,8,5.53,Assistant Mechanic
940,9,5.72,Electric Specialist
940,14,4.02,Lead Mechanic
941,12,6.06,Inspector
941,8,5.95,Assistant Mechanic
941,14,6.05,Assistant Mechanic
942,8,1.07,Lead Mechanic
943,36,5.98,Electric Specialist
943,14,4.89,Assistant Mechanic
943,43,7.14,Assistant Mechanic
944,39,5.39,Lead Mechanic
945,34,6.54,Lead Mechanic
946,42,7.56,Electric Specialist
946,39,6.66,Lead Mechanic
946,36,1.71,Assistant Mechanic
947,37,7.4,Lead Mechanic
947,27,4.59,Inspector
947,43,2.27,Inspector
948,34,7.88,Assistant Mechanic
948,27,7.12,Inspector
948,12,4.29,Lead Mechanic
949,35,7.93,Electric Specialist
949,34,4.14,Electric Specialist
950,3,4.67,Lead Mechanic
950,30,1.84,Inspector
950,27,3.64,Inspector
951,13,5.42,Electric Specialist
952,33,0.71,Assistant Mechanic
952,18,5.65,Electric Specialist
953,10,4.83,Electric Specialist
954,17,6.47,Assistant Mechanic
954,10,7.45,Inspector
955,38,1.18,Electric Specialist
955,36,3.4,Assistant Mechanic
955,3,6.69,Assistant Mechanic
956,44,3.02,Electric Specialist
956,39,3.18,Electric Specialist
956,7,3.62,Lead Mechanic
957,4,6.76,Inspector
957,16,7.16,Inspector
958,16,3.91,Assistant Mechanic
958,27,5.39,Assistant Mechanic
959,13,2.45,Electric Specialist
959,14,0.94,Lead Mechanic
960,31,3.2,Electric Specialist
961,6,2.79,Electric Specialist
961,19,3.42,Inspector
962,4,5.05,Inspector
962,34,4.03,Lead Mechanic
962,45,4.13,Electric Specialist
963,7,2.43,Lead Mechanic
964,11,5.44,Inspector
965,27,7.41,Inspector
965,1,6.91,Assistant Mechanic
965,25,1.83,Inspector
966,39,5.54,Inspector
967,28,0.64,Inspector
968,33,5.43,Electric Specialist
968,19,5.9,Lead Mechanic
968,35,4.5,Electric Specialist
969,21,6.11,Electric Specialist
969,29,3.52,Assistant Mechanic
970,42,6.47,Lead Mechanic
970,14,5.26,Electric Specialist
971,42,6.4,Assistant Mechanic
972,23,5.75,Lead Mechanic
972,40,3.99,Inspector
973,29,2.11,Inspector
973,17,7.5,Electric Specialist
974,21,3.03,Lead Mechanic
975,45,7.81,Assistant Mechanic
976,13,6.62,Inspector
977,6,7.86,Electric Specialist
978,9,5.75,Electric Specialist
978,44,5.72,Lead Mechanic
978,32,4.26,Inspector
979,17,0.65,Assistant Mechanic
980,8,0.86,Inspector
980,44,6.09,Inspector
981,25,2.06,Assistant Mechanic
982,6,0.84,Inspector
983,31,5.66,Inspector
983,33,3.64,Lead Mechanic
984,19,0.64,Lead Mechanic
984,9,1.18,Electric Specialist
985,33,4.02,Electric Specialist
985,12,2.2,Inspector
986,6,6.35,Lead Mechanic
987,37,6.58,Electric Specialist
987,29,5.92,Lead Mechanic
988,5,7.0,Electric Specialist
988,33,1.1,Inspector
988,45,7.66,Lead Mechanic
989,8,4.92,Assistant Mechanic
990,35,4.0,Assistant Mechanic
990,36,2.53,Inspector
990,9,3.74,Inspector
991,7,6.48,Electric Specialist
991,35,5.28,Assistant Mechanic
992,18,7.74,Electric Specialist
992,31,2.64,Electric Specialist
993,20,6.76,Electric Specialist
994,29,2.48,Electric Specialist
995,13,5.38,Lead Mechanic
995,8,3.82,Assistant Mechanic
995,45,2.36,Electric Specialist
996,33,5.63,Lead Mechanic
996,7,2.99,Inspector
997,15,3.79,Electric Specialist
998,43,7.55,Inspector
998,45,5.59,Inspector
999,22,1.13,Electric Specialist
999,35,2.53,Assistant Mechanic
999,27,2.33,Lead Mechanic
1000,16,7.17,Electric Specialist
1000,9,3.89,Inspector
1001,33,0.78,Lead Mechanic
1001,19,2.62,Lead Mechanic
1002,44,4.98,Electric Specialist
1003,45,3.94,Lead Mechanic
1003,34,1.02,Electric Specialist
1003,22,5.87,Electric Specialist
1004,29,6.67,Assistant Mechanic
1004,37,4.2,Assistant Mechanic
1004,14,3.41,Lead Mechanic
1005,32,4.98,Electric Specialist
1005,38,6.02,Assistant Mechanic
1005,34,6.6,Electric Specialist
1006,37,7.6,Assistant Mechanic
1006,33,4.4,Lead Mechanic
1006,16,1.31,Assistant Mechanic
1007,9,0.54,Assistant Mechanic
1007,18,1.11,Inspector
1008,10,6.32,Electric Specialist
1008,25,2.64,Inspector
1008,17,7.45,Electric Specialist
1009,13,7.52,Inspector
1009,12,0.67,Inspector
1009,10,5.37,Electric Specialist
1010,34,4.26,Lead Mechanic
1010,43,6.14,Inspector
1010,19,4.84,Inspector
1011,19,0.56,Assistant Mechanic
1011,12,4.5,Assistant Mechanic
1012,20,6.49,Assistant Mechanic
1013,29,6.98,Inspector
1013,7,1.94,Lead Mechanic
1013,19,6.42,Assistant Mechanic
1014,30,2.54,Assistant Mechanic
1014,12,4.52,Inspector
1014,43,6.7,Electric Specialist
1015,27,2.17,Inspector
1015,21,2.25,Electric Specialist
1015,32,2.86,Lead Mechanic
1016,10,0.59,Assistant Mechanic
1017,21,6.48,Lead Mechanic
1018,25,1.83,Assistant Mechanic
1018,1,1.63,Electric Specialist
1019,3,5.31,Lead Mechanic
1019,15,2.28,Assistant Mechanic
1019,11,3.98,Lead Mechanic
1020,25,4.53,Lead Mechanic
1021,44,7.89,Assistant Mechanic
1021,27,4.79,Assistant Mechanic
1021,18,4.7,Inspector
1022,24,3.79,Assistant Mechanic
1022,3,1.81,Lead Mechanic
1023,45,5.81,Assistant Mechanic
1024,9,5.61,Lead Mechanic
1024,20,2.15,Electric Specialist
1024,18,6.83,Lead Mechanic
1025,24,6.57,Lead Mechanic
1025,21,2.6,Assistant Mechanic
1025,43,3.56,Lead Mechanic
1026,18,3.31,Lead Mechanic
1026,7,7.76,Lead Mechanic
1027,9,2.66,Assistant Mechanic
1027,12,5.53,Assistant Mechanic
1027,11,6.09,Inspector
1028,5,0.69,Assistant Mechanic
1029,13,7.09,Assistant Mechanic
1030,8,4.83,Assistant Mechanic
1030,14,7.45,Inspector
1030,37,7.45,Lead Mechanic
1031,12,2.25,Lead Mechanic
1031,32,1.79,Lead Mechanic
1032,18,3.44,Lead Mechanic
1032,40,0.89,Lead Mechanic
1032,6,5.0,Inspector
1033,44,1.56,Lead Mechanic
1034,22,5.08,Inspector
1035,12,1.17,Inspector
1035,43,7.49,Assistant Mechanic
1035,35,5.27,Lead Mechanic
1036,42,5.66,Lead Mechanic
1036,40,5.19,Electric Specialist
1036,20,7.58,Lead Mechanic
1037,27,0.66,Lead Mechanic
1037,16,4.96,Lead Mechanic
1038,23,2.57,Assistant Mechanic
1039,8,3.84,Lead Mechanic
1039,28,1.09,Inspector
1039,45,1.32,Lead Mechanic
1040,44,4.41,Lead Mechanic
1040,36,3.55,Inspector
1041,10,5.19,Lead Mechanic
1041,42,5.12,Assistant Mechanic
1042,12,3.75,Inspector
1042,32,1.59,Assistant Mechanic
1042,13,5.07,Assistant Mechanic
1043,41,1.45,Inspector
1043,45,3.34,Electric Specialist
1044,30,7.1,Electric Specialist
1044,40,3.84,Lead Mechanic
1044,7,7.2,Assistant Mechanic
1045,40,6.53,Lead Mechanic
1045,20,1.23,Lead Mechanic
1046,37,1.48,Assistant Mechanic
1046,29,2.36,Assistant Mechanic
1047,41,3.91,Lead Mechanic
1047,38,3.94,Assistant Mechanic
1048,26,4.67,Electric Specialist
1049,28,1.87,Lead Mechanic
1049,8,5.84,Assistant Mechanic
1049,37,6.64,Assistant Mechanic
1050,45,0.84,Lead Mechanic
1050,23,1.56,Lead Mechanic
1050,19,3.71,Electric Specialist
1051,43,5.65,Lead Mechanic
1051,17,2.89,Electric Specialist
1051,21,6.11,Assistant Mechanic
1052,22,6.48,Inspector
1053,8,3.56,Inspector
1053,40,2.99,Assistant Mechanic
1053,2,5.8,Lead Mechanic
1054,31,3.06,Electric Specialist
1054,3,2.76,Electric Specialist
1055,7,4.86,Assistant Mechanic
1055,31,3.5,Lead Mechanic
1055,10,2.85,Assistant Mechanic
1056,18,7.66,Inspector
1057,13,4.58,Assistant Mechanic
1058,40,5.28,Electric Specialist
1059,30,1.98,Lead Mechanic
1059,33,0.88,Assistant Mechanic
1059,42,7.32,Lead Mechanic
1060,22,0.82,Inspector
1060,45,3.5,Inspector
1060,10,5.11,Lead Mechanic
1061,17,2.42,Inspector
1062,23,6.61,Lead Mechanic
1062,28,4.88,Electric Specialist
1062,40,6.1,Assistant Mechanic
1063,23,7.91,Inspector
1063,3,6.14,Inspector
1063,17,7.0,Assistant Mechanic
1064,2,2.6,Inspector
1064,38,2.53,Lead Mechanic
1064,24,1.87,Assistant Mechanic
1065,7,6.55,Inspector
1066,19,1.88,Assistant Mechanic
1066,18,1.55,Inspector
1066,9,5.5,Electric Specialist
1067,10,7.63,Electric Specialist
1067,29,6.06,Lead Mechanic
1068,40,6.68,Inspector
1068,21,0.67,Inspector
1069,35,5.55,Inspector
1069,42,1.0,Electric Specialist
1070,35,4.65,Assistant Mechanic
1071,43,7.98,Inspector
1071,5,5.9,Assistant Mechanic
1071,1,3.11,Assistant Mechanic
1072,8,7.03,Inspector
1073,11,7.88,Lead Mechanic
1073,16,3.76,Electric Specialist
1074,24,2.17,Electric Specialist
1074,25,7.01,Lead Mechanic
1075,44,2.72,Assistant Mechanic
1076,21,4.86,Lead Mechanic
1077,23,3.47,Inspector
1078,30,5.5,Inspector
1079,26,2.64,Lead Mechanic
1079,37,2.48,Electric Specialist
1080,29,5.14,Assistant Mechanic
1080,14,5.68,Assistant Mechanic
1080,22,5.91,Electric Specialist
1081,24,6.16,Electric Specialist
1082,45,5.43,Lead Mechanic
1082,7,6.56,Electric Specialist
1083,27,3.45,Inspector
1083,44,7.26,Electric Specialist
1084,1,2.09,Electric Specialist
1084,26,3.18,Electric Specialist
1085,29,1.37,Lead Mechanic
1086,37,3.95,Electric Specialist
1086,27,4.99,Assistant Mechanic
1087,38,3.55,Assistant Mechanic
1087,42,2.2,Inspector
1088,28,5.0,Assistant Mechanic
1089,21,3.62,Assistant Mechanic
1089,6,7.99,Inspector
1089,23,3.83,Inspector
1090,32,6.03,Assistant Mechanic
1091,16,1.37,Electric Specialist
1091,27,7.62,Electric Specialist
1091,4,4.08,Lead Mechanic
1092,14,6.1,Inspector
1092,19,0.77,Inspector
1093,45,5.54,Inspector
1093,7,7.4,Lead Mechanic
1093,28,5.21,Electric Specialist
1094,33,6.85,Electric Specialist
1095,36,3.32,Inspector
1095,32,6.92,Electric Specialist
1096,28,2.03,Electric Specialist
1096,2,7.07,Assistant Mechanic
1097,11,4.53,Electric Specialist
1097,19,3.54,Assistant Mechanic
1097,9,4.24,Assistant Mechanic
1098,30,2.18,Electric Specialist
1099,22,3.93,Lead Mechanic
1099,28,3.33,Lead Mechanic
1099,27,7.49,Assistant Mechanic
1100,44,6.18,Assistant Mechanic
1100,32,3.6,Electric Specialist
1101,5,3.95,Electric Specialist
1101,17,3.58,Electric Specialist
1102,8,0.71,Assistant Mechanic
1102,27,1.68,Lead Mechanic
1102,17,7.6,Assistant Mechanic
1103,17,6.96,Inspector
1104,29,2.5,Inspector
1104,12,4.96,Lead Mechanic
1105,28,4.54,Assistant Mechanic
1105,18,3.67,Inspector
1106,41,4.84,Inspector
1106,5,7.39,Electric Specialist
1106,2,4.35,Lead Mechanic
1107,16,5.28,Lead Mechanic
1107,14,4.18,Lead Mechanic
1107,34,2.16,Assistant Mechanic
1108,8,6.23,Electric Specialist
1108,23,0.57,Assistant Mechanic
1108,26,6.69,Lead Mechanic
1109,22,4.52,Electric Specialist
1109,6,0.93,Electric Specialist
1109,39,5.67,Inspector
1110,36,3.63,Lead Mechanic
1110,39,0.98,Assistant Mechanic
1110,24,0.6,Electric Specialist
1111,34,2.1,Lead Mechanic
1111,25,7.5,Lead Mechanic
1112,18,7.49,Lead Mechanic
1112,7,3.47,Lead Mechanic
1113,1,3.48,Inspector
1114,34,1.95,Electric Specialist
1114,23,1.16,Lead Mechanic
1115,33,4.36,Lead Mechanic
1115,2,2.86,Electric Specialist
1116,44,4.42,Electric Specialist
1116,38,3.2,Inspector
1117,4,6.22,Assistant Mechanic
1117,11,4.26,Lead Mechanic
1117,20,6.7,Assistant Mechanic
1118,37,2.22,Inspector
1118,45,6.17,Inspector
1119,18,7.29,Lead Mechanic
1119,22,3.06,Electric Specialist
1119,35,7.3,Assistant Mechanic
1120,4,6.1,Inspector
1120,8,1.49,Lead Mechanic
1120,38,6.25,Inspector
1121,29,1.78,Inspector
1121,41,3.26,Electric Specialist
1121,34,3.68,Electric Specialist
1122,4,3.19,Assistant Mechanic
1123,6,6.73,Electric Specialist
1123,27,2.21,Lead Mechanic
1123,13,7.8,Assistant Mechanic
1124,13,7.95,Inspector
1125,36,2.37,Inspector
1125,41,3.86,Lead Mechanic
1126,22,5.57,Assistant Mechanic
1127,14,7.96,Electric Specialist
1127,8,1.65,Assistant Mechanic
1128,21,3.54,Lead Mechanic
1129,17,6.61,Assistant Mechanic
1130,29,6.31,Assistant Mechanic
1130,6,0.62,Inspector
1131,20,1.47,Lead Mechanic
1131,40,2.14,Electric Specialist
1132,25,4.28,Electric Specialist
1133,43,5.48,Electric Specialist
1134,10,7.87,Inspector
1135,20,2.96,Assistant Mechanic
1135,45,7.18,Lead Mechanic
1136,26,4.88,Lead Mechanic
1136,41,4.08,Lead Mechanic
1137,37,4.62,Electric Specialist
1137,25,3.99,Inspector
1137,3,2.21,Inspector
1138,15,7.65,Electric Specialist
1138,18,7.4,Electric Specialist
1138,24,5.76,Lead Mechanic
1139,42,2.05,Electric Specialist
1139,28,0.64,Lead Mechanic
1140,45,5.54,Assistant Mechanic
1141,11,1.85,Lead Mechanic
1141,14,2.21,Electric Specialist
1141,5,4.23,Electric Specialist
1142,19,7.99,Lead Mechanic
1142,29,4.57,Electric Specialist
1142,15,4.96,Lead Mechanic
1143,22,0.71,Inspector
1144,3,3.5,Inspector
1145,34,1.52,Inspector
1145,1,6.6,Lead Mechanic
1145,18,5.21,Electric Specialist
1146,36,1.7,Lead Mechanic
1146,15,7.08,Assistant Mechanic
1146,38,5.25,Electric Specialist
1147,23,2.25,Inspector
1147,34,3.4,Electric Specialist
1147,29,3.71,Electric Specialist
1148,9,0.91,Lead Mechanic
1148,40,6.05,Assistant Mechanic
1148,14,4.04,Assistant Mechanic
1149,29,6.85,Inspector
1149,32,2.24,Inspector
1149,19,0.63,Assistant Mechanic
1150,44,0.73,Inspector
1150,29,7.25,Inspector
1151,17,4.69,Inspector
1151,11,5.25,Electric Specialist
1152,17,0.85,Inspector
1152,12,2.25,Lead Mechanic
1152,7,3.11,Inspector
1153,30,5.96,Assistant Mechanic
1153,38,0.55,Lead Mechanic
1153,42,4.41,Electric Specialist
1154,35,0.71,Electric Specialist
1155,15,2.22,Inspector
1155,37,6.25,Electric Specialist
1156,1,6.96,Inspector
1156,2,1.86,Lead Mechanic
1157,33,7.85,Inspector
1157,16,2.69,Inspector
1157,39,5.24,Assistant Mechanic
1158,42,2.13,Electric Specialist
1158,1,2.23,Electric Specialist
1158,24,6.43,Lead Mechanic
1159,25,0.81,Electric Specialist
1159,32,5.39,Lead Mechanic
1159,33,3.09,Inspector
1160,23,4.89,Inspector
1160,9,4.36,Inspector
1161,7,0.55,Electric Specialist
1161,19,2.44,Assistant Mechanic
1161,35,1.23,Assistant Mechanic
1162,3,3.1,Electric Specialist
1163,34,6.56,Inspector
1163,26,6.52,Lead Mechanic
1164,18,2.92,Electric Specialist
1164,6,0.97,Lead Mechanic
1164,25,5.46,Electric Specialist
1165,43,0.72,Electric Specialist
1165,8,3.59,Assistant Mechanic
1166,12,3.67,Lead Mechanic
1166,18,1.85,Inspector
1167,44,4.57,Electric Specialist
1167,41,3.03,Assistant Mechanic
1167,32,3.01,Electric Specialist
1168,26,7.26,Electric Specialist
1168,30,6.79,Lead Mechanic
1169,10,6.99,Lead Mechanic
1170,44,2.91,Electric Specialist
1170,11,1.12,Inspector
1170,18,4.12,Inspector
1171,45,4.59,Inspector
1171,7,1.0,Electric Specialist
1172,14,4.11,Electric Specialist
1172,45,7.56,Lead Mechanic
1172,11,4.33,Assistant Mechanic
1173,8,3.3,Electric Specialist
1173,2,0.58,Assistant Mechanic
1174,15,5.68,Lead Mechanic
1175,29,1.64,Electric Specialist
1175,16,6.4,Assistant Mechanic
1176,18,1.93,Electric Specialist
1177,35,1.27,Assistant Mechanic
1177,7,3.08,Electric Specialist
1178,40,4.28,Lead Mechanic
1178,29,1.39,Electric Specialist
1178,5,3.81,Lead Mechanic
1179,13,5.66,Assistant Mechanic
1179,8,4.43,Electric Specialist
1180,42,6.02,Electric Specialist
1181,26,4.39,Lead Mechanic
1181,8,4.75,Assistant Mechanic
1181,6,5.65,Inspector
1182,44,6.78,Electric Specialist
1182,18,5.31,Lead Mechanic
1182,3,5.51,Assistant Mechanic
1183,43,7.23,Electric Specialist
1183,36,2.62,Assistant Mechanic
1184,42,0.96,Inspector
1184,20,6.31,Inspector
1185,1,2.75,Inspector
1186,17,4.28,Electric Specialist
1186,40,7.45,Inspector
1186,12,3.75,Inspector
1187,34,3.57,Lead Mechanic
1188,22,2.09,Assistant Mechanic
1188,42,5.54,Lead Mechanic
1189,13,4.16,Assistant Mechanic
1190,26,5.44,Lead Mechanic
1191,7,2.74,Inspector
1191,39,4.72,Lead Mechanic
1191,41,6.26,Assistant Mechanic
1192,34,2.72,Electric Specialist
1193,23,5.08,Lead Mechanic
1194,9,4.07,Electric Specialist
1194,6,6.63,Inspector
1194,21,5.79,Assistant Mechanic
1195,28,0.59,Inspector
1195,6,1.61,Electric Specialist
1195,11,0.71,Lead Mechanic
1196,4,7.92,Electric Specialist
1196,25,7.98,Inspector
1196,11,1.64,Lead Mechanic
1197,43,3.15,Assistant Mechanic
1197,9,2.39,Assistant Mechanic
1197,10,3.96,Assistant Mechanic
1198,10,3.64,Inspector
1198,3,2.45,Electric Specialist
1198,28,7.11,Electric Specialist
1199,4,3.8,Lead Mechanic
1199,13,3.8,Lead Mechanic
1200,37,7.29,Inspector
1201,24,2.25,Assistant Mechanic
1201,31,7.88,Electric Specialist
1201,23,4.67,Assistant Mechanic
1202,6,4.07,Lead Mechanic
1202,7,6.82,Inspector
1203,42,1.3,Lead Mechanic
1203,26,5.88,Electric Specialist
1203,40,6.81,Lead Mechanic
1204,36,7.37,Lead Mechanic
1204,32,3.2,Lead Mechanic
1204,22,4.46,Electric Specialist
1205,16,5.02,Electric Specialist
1206,18,5.36,Lead Mechanic
1206,4,4.81,Electric Specialist
1206,33,1.09,Electric Specialist
1207,7,0.57,Lead Mechanic
1208,17,7.28,Lead Mechanic
1209,19,5.42,Electric Specialist
1209,3,4.37,Lead Mechanic
1209,28,6.57,Assistant Mechanic
1210,1,7.5,Lead Mechanic
1210,35,7.45,Inspector
1211,14,1.12,Assistant Mechanic
1211,38,6.43,Electric Specialist
1212,19,4.03,Assistant Mechanic
1212,12,3.85,Electric Specialist
1212,14,1.53,Assistant Mechanic
1213,18,4.04,Lead Mechanic
1214,26,5.64,Inspector
1215,45,7.99,Assistant Mechanic
1215,11,3.52,Assistant Mechanic
1216,25,1.51,Lead Mechanic
1217,19,1.56,Lead Mechanic
1218,33,3.78,Lead Mechanic
1218,32,1.6,Electric Specialist
1219,33,1.32,Lead Mechanic
1220,8,4.91,Inspector
1221,24,4.92,Assistant Mechanic
1222,23,5.55,Assistant Mechanic
1222,33,4.23,Inspector
1222,12,3.85,Assistant Mechanic
1223,22,5.15,Lead Mechanic
1223,44,5.06,Electric Specialist
1224,8,1.4,Electric Specialist
1224,14,1.61,Assistant Mechanic
1224,37,4.65,Assistant Mechanic
1225,15,5.78,Electric Specialist
1225,40,2.9,Lead Mechanic
1225,12,6.32,Electric Specialist
1226,24,7.42,Inspector
1227,2,5.67,Electric Specialist
1227,22,2.92,Assistant Mechanic
1228,19,7.85,Assistant Mechanic
1229,40,6.59,Lead Mechanic
1229,3,6.47,Assistant Mechanic
1230,42,5.11,Lead Mechanic
1230,20,2.58,Lead Mechanic
1230,38,0.59,Electric Specialist
1231,31,6.64,Electric Specialist
1232,37,6.13,Assistant Mechanic
1232,27,5.66,Lead Mechanic
1232,32,0.5,Inspector
1233,22,5.05,Assistant Mechanic
1233,32,4.22,Inspector
1234,30,2.11,Assistant Mechanic
1235,26,6.87,Inspector
1236,29,1.6,Inspector
1237,37,5.93,Lead Mechanic
1237,31,1.73,Assistant Mechanic
1238,38,7.52,Inspector
1238,21,5.37,Assistant Mechanic
1239,39,7.43,Lead Mechanic
1239,11,0.95,Lead Mechanic
1240,23,5.89,Inspector
1241,20,6.08,Lead Mechanic
1242,39,4.13,Lead Mechanic
1243,37,4.31,Electric Specialist
1243,23,0.67,Electric Specialist
1243,16,5.48,Lead Mechanic
1244,14,7.93,Electric Specialist
1245,36,3.44,Electric Specialist
1245,37,4.68,Assistant Mechanic
1246,15,3.35,Assistant Mechanic
1246,32,2.47,Lead Mechanic
1247,22,5.9,Assistant Mechanic
1248,35,7.31,Inspector
1249,20,2.64,Lead Mechanic
1249,32,2.96,Inspector
1249,39,6.38,Inspector
1250,18,3.57,Lead Mechanic
1250,39,2.32,Inspector
1250,1,3.65,Assistant Mechanic
1251,1,1.07,Inspector
1251,25,0.8,Lead Mechanic
1252,7,5.22,Assistant Mechanic
1252,40,3.81,Lead Mechanic
1253,31,0.55,Inspector
1253,17,4.05,Electric Specialist
1254,43,1.06,Lead Mechanic
1254,14,3.22,Inspector
1255,5,2.74,Assistant Mechanic
1255,27,5.67,Assistant Mechanic
1256,35,6.83,Electric Specialist
1256,16,7.75,Lead Mechanic
1256,25,4.95,Inspector
1257,36,4.61,Assistant Mechanic
1258,44,4.17,Lead Mechanic
1258,32,4.91,Electric Specialist
1258,23,6.67,Assistant Mechanic
1259,44,3.79,Inspector
1260,36,6.7,Lead Mechanic
1260,27,3.35,Inspector
1261,13,6.77,Lead Mechanic
1262,40,1.73,Electric Specialist
1262,14,2.69,Assistant Mechanic
1262,11,0.66,Electric Specialist
1263,12,7.8,Assistant Mechanic
1263,40,3.63,Lead Mechanic
1264,41,5.93,Lead Mechanic
1264,20,1.86,Assistant Mechanic
1264,6,4.98,Assistant Mechanic
1265,33,1.82,Inspector
1265,44,6.18,Assistant Mechanic
1265,1,6.75,Lead Mechanic
1266,5,3.1,Assistant Mechanic
1267,28,2.87,Lead Mechanic
1268,29,4.86,Assistant Mechanic
1268,30,3.09,Assistant Mechanic
1268,12,3.68,Electric Specialist
1269,7,0.63,Assistant Mechanic
1269,9,1.61,Inspector
1269,15,1.54,Lead Mechanic
1270,5,5.26,Lead Mechanic
1271,16,7.38,Electric Specialist
1272,34,4.45,Lead Mechanic
1273,41,1.56,Lead Mechanic
1274,17,5.19,Electric Specialist
1275,9,0.95,Lead Mechanic
1275,7,3.82,Inspector
1276,12,5.94,Lead Mechanic
1276,4,0.76,Lead Mechanic
1277,39,5.21,Electric Specialist
1278,21,4.28,Inspector
1279,8,0.97,Inspector
1279,6,0.67,Inspector
1279,45,1.3,Assistant Mechanic
1280,22,1.35,Assistant Mechanic
1280,4,7.29,Electric Specialist
1280,5,6.33,Inspector
1281,34,1.86,Electric Specialist
1282,13,4.75,Electric Specialist
1283,36,0.56,Lead Mechanic
1284,39,4.2,Lead Mechanic
1284,16,5.0,Lead Mechanic
1285,24,2.77,Inspector
1285,8,3.36,Lead Mechanic
1286,21,0.98,Inspector
1286,27,4.67,Inspector
1287,16,0.99,Assistant Mechanic
1287,22,4.01,Assistant Mechanic
1287,39,7.7,Assistant Mechanic
1288,31,7.85,Lead Mechanic
1288,40,3.15,Assistant Mechanic
1289,13,4.07,Lead Mechanic
1289,43,6.54,Lead Mechanic
1289,20,7.2,Assistant Mechanic
1290,27,7.39,Electric Specialist
1290,13,7.48,Inspector
1291,41,7.52,Inspector
1292,22,1.05,Inspector
1292,33,3.13,Electric Specialist
1292,36,1.14,Lead Mechanic
1293,29,4.04,Electric Specialist
1293,24,7.32,Electric Specialist
1294,4,6.88,Electric Specialist
1295,3,2.64,Lead Mechanic
1296,2,4.05,Inspector
1297,36,3.43,Assistant Mechanic
1298,5,6.72,Electric Specialist
1298,21,4.52,Lead Mechanic
1298,40,5.91,Electric Specialist
1299,28,5.04,Lead Mechanic
1300,21,5.86,Inspector
1300,16,2.86,Electric Specialist
1300,17,2.73,Lead Mechanic
1301,20,6.22,Inspector
1301,16,2.61,Assistant Mechanic
1302,26,3.61,Assistant Mechanic
1302,12,4.98,Inspector
1303,38,7.73,Lead Mechanic
1304,15,2.59,Inspector
1304,35,7.62,Inspector
1304,13,7.37,Assistant Mechanic
1305,40,3.96,Electric Specialist
1305,11,1.17,Inspector
1305,30,4.5,Electric Specialist
1306,26,0.67,Lead Mechanic
1307,7,1.37,Electric Specialist
1308,29,4.04,Electric Specialist
1308,5,5.49,Assistant Mechanic
1308,35,4.79,Assistant Mechanic
1309,37,0.93,Electric Specialist
1310,10,4.66,Lead Mechanic
1310,21,6.62,Lead Mechanic
1311,42,7.58,Inspector
1311,1,0.69,Inspector
1311,27,3.56,Electric Specialist
1312,26,7.13,Lead Mechanic
1312,1,3.62,Lead Mechanic
1312,22,7.52,Assistant Mechanic
1313,24,6.96,Electric Specialist
1313,11,1.98,Inspector
1314,29,5.44,Inspector
1315,38,0.7,Inspector
1316,27,7.76,Lead Mechanic
1317,29,1.93,Electric Specialist
1317,9,4.78,Electric Specialist
1318,3,4.76,Lead Mechanic
1319,15,6.2,Lead Mechanic
1319,13,5.56,Assistant Mechanic
1320,8,7.87,Inspector
1320,34,3.86,Inspector
1321,24,1.78,Lead Mechanic
1321,21,2.36,Electric Specialist
1321,3,7.78,Inspector
1322,18,6.91,Electric Specialist
1322,32,3.19,Assistant Mechanic
1322,8,6.66,Lead Mechanic
1323,2,4.13,Assistant Mechanic
1323,1,7.18,Assistant Mechanic
1324,35,6.7,Lead Mechanic
1324,10,1.57,Assistant Mechanic
1325,7,3.53,Assistant Mechanic
1325,21,0.86,Electric Specialist
1325,10,5.64,Inspector
1326,32,3.97,Electric Specialist
1326,21,7.14,Electric Specialist
1326,44,1.56,Lead Mechanic
1327,28,6.87,Electric Specialist
1328,28,3.07,Electric Specialist
1329,42,4.92,Assistant Mechanic
1329,38,6.89,Assistant Mechanic
1329,17,1.4,Inspector
1330,8,0.56,Lead Mechanic
1331,33,1.09,Assistant Mechanic
1331,13,2.97,Electric Specialist
1332,40,0.94,Assistant Mechanic
1333,27,4.13,Electric Specialist
1333,28,3.2,Lead Mechanic
1333,8,4.44,Assistant Mechanic
1334,25,3.66,Electric Specialist
1334,2,1.08,Inspector
1335,45,7.19,Inspector
1335,4,4.56,Assistant Mechanic
1336,8,7.67,Assistant Mechanic
1336,43,6.77,Electric Specialist
1336,31,2.5,Lead Mechanic
