DriverID,FullName,ContactInfo,DepotID,LicenceType,LicenceExpiryDate,EmploymentStatus,EmergencyContact
1,Duong Huu Viet,0396469847 | duong.huu.viet@fleet.vn,2,C,2027-07-11,Suspended,0777069368
2,Le Bao Khoa,0976254054 | le.bao.khoa@fleet.vn,4,C,2026-10-16,Active,0948163348
3,Hoang Anh Khoa,0844785565 | hoang.anh.khoa@company.vn,1,FC,2028-12-01,Active,0833695606
4,Duong Duc Khoa,0395338542 | duong.duc.khoa@outlook.com,2,FC,2028-08-29,Active,0936781726
5,Dang Anh Phong,0357862781 | dang.anh.phong@outlook.com,1,C,2028-06-23,Active,0782425516
6,Vu Anh Son,0834952510 | vu.anh.son@outlook.com,1,FC,2027-10-07,Active,0929543113
7,Nguyen Van Cuong,0980740601 | nguyen.van.cuong@gmail.com,1,C,2027-06-14,Active,0764265258
8,Dang Tien Phong,0792690792 | dang.tien.phong@outlook.com,3,FC,2031-03-21,Active,0350824112
9,Pham Duc Tai,0382844188 | pham.duc.tai@outlook.com,3,C,2027-04-27,Active,0325284753
10,Bui Gia Tuan,0918614232 | bui.gia.tuan@gmail.com,3,FC,2030-03-02,Active,0393896560
11,Nguyen Gia Hieu,0964443292 | nguyen.gia.hieu@company.vn,1,C,2026-11-06,Active,0372555103
12,Pham Huu Phuc,0332521148 | pham.huu.phuc@company.vn,4,C,2026-10-31,Active,0394108657
13,Duong Quoc Nam,0390960727 | duong.quoc.nam@fleet.vn,2,FC,2027-05-18,On Leave,0974771920
14,Ngo Duc Vu,0791011885 | ngo.duc.vu@gmail.com,3,FC,2028-06-09,Active,0822112670
15,Nguyen Duc Tuan,0855459936 | nguyen.duc.tuan@outlook.com,2,FC,2028-07-22,Active,0972918100
16,Duong Kim Dung,0780472774 | duong.kim.dung@company.vn,3,C,2030-11-17,Active,0927319923
17,Phan Minh Tuan,0368920436 | phan.minh.tuan@outlook.com,1,B2,2026-10-21,Suspended,0345354984
18,Pham Duc Vu,0945056343 | pham.duc.vu@outlook.com,1,B2,2031-05-09,Suspended,0786205144
19,Nguyen Anh Thang,0369364721 | nguyen.anh.thang@company.vn,3,FC,2028-04-08,Active,0346220014
20,Ngo Quoc Tai,0329107729 | ngo.quoc.tai@company.vn,2,FC,2031-03-20,Active,0934048698
21,Hoang Tien Hai,0926568568 | hoang.tien.hai@company.vn,2,FC,2030-02-23,On Leave,0398429399
22,Bui Duc Minh,0982941053 | bui.duc.minh@outlook.com,1,B2,2028-06-14,Active,0815226967
23,Nguyen Gia Son,0323334993 | nguyen.gia.son@company.vn,3,C,2030-05-26,Active,0794228355
24,Tran Huu Cuong,0838976104 | tran.huu.cuong@fleet.vn,3,C,2028-12-11,Active,0362869660
25,Hoang Thanh Dat,0910978842 | hoang.thanh.dat@gmail.com,1,FC,2026-08-20,Active,0918061481
26,Dang Huu Viet,0776683527 | dang.huu.viet@outlook.com,3,B2,2027-12-09,Active,0818293321
27,Tran Van Hieu,0361076574 | tran.van.hieu@fleet.vn,4,FC,2030-03-05,Active,0926673786
28,Vu Minh Quan,0703849784 | vu.minh.quan@gmail.com,1,FC,2029-06-22,Active,0969439560
29,Hoang Gia Cuong,0362699747 | hoang.gia.cuong@gmail.com,2,B2,2028-12-10,Suspended,0943631792
30,Do Anh Minh,0919177095 | do.anh.minh@gmail.com,2,FC,2027-11-26,Inactive,0859420590
31,Vu Bao Khoa,0394360292 | vu.bao.khoa@gmail.com,3,FC,2028-05-29,On Leave,0325094349
32,Hoang Anh Hai,0967636092 | hoang.anh.hai@gmail.com,4,FC,2029-06-10,Active,0971295352
33,Tran Thanh Loc,0967122147 | tran.thanh.loc@gmail.com,1,B2,2027-06-13,Active,0357296601
34,Ly Van Long,0709141774 | ly.van.long@fleet.vn,1,FC,2027-05-15,Active,0836207331
35,Ho Van Khoa,0341356197 | ho.van.khoa@gmail.com,3,B2,2029-10-23,Active,0323371582
36,Do Bao Trung,0962694736 | do.bao.trung@company.vn,3,FC,2027-05-27,Active,0330150633
37,Nguyen Thanh Tuan,0857545571 | nguyen.thanh.tuan@fleet.vn,1,C,2029-08-19,Inactive,0988338280
38,Le Duc Son,0349347402 | le.duc.son@company.vn,4,FC,2029-07-03,Active,0940155119
39,Phan Huu Hung,0332855885 | phan.huu.hung@gmail.com,3,B2,2028-10-29,Active,0856149380
40,Ho Van Duc,0358084119 | ho.van.duc@company.vn,1,C,2026-12-12,On Leave,0343197184
41,Le Quoc Thang,0810527715 | le.quoc.thang@fleet.vn,4,C,2030-06-27,Inactive,0812615345
42,Hoang Duc Long,0706494121 | hoang.duc.long@company.vn,3,FC,2031-02-21,Inactive,0925927220
43,Vu Quoc Khanh,0387801217 | vu.quoc.khanh@fleet.vn,1,B2,2027-08-22,Active,0783466426
44,Phan Minh Nghia,0704241787 | phan.minh.nghia@gmail.com,4,C,2029-10-19,Active,0384812407
45,Bui Bao Quan,0708924417 | bui.bao.quan@outlook.com,1,B2,2027-04-01,Active,0792959175
46,Hoang Anh Nam,0352287656 | hoang.anh.nam@company.vn,3,C,2031-04-11,Active,0924510774
47,Vo Minh Hung,0706214865 | vo.minh.hung@fleet.vn,1,FC,2029-01-26,Active,0794120342
48,Pham Gia Hai,0362824906 | pham.gia.hai@outlook.com,1,C,2029-08-27,Active,0941720294
49,Do Hong Nga,0911875670 | do.hong.nga@gmail.com,4,FC,2031-06-28,Active,0851779497
50,Tran Huu Vu,0816975179 | tran.huu.vu@fleet.vn,3,C,2028-03-19,On Leave,0932117712
51,Vo Van Nghia,0969268261 | vo.van.nghia@fleet.vn,2,B2,2027-03-04,Active,0374035681
52,Pham Huu Duc,0372556998 | pham.huu.duc@gmail.com,2,C,2026-12-20,Active,0821955946
53,Hoang Thanh Minh,0321274057 | hoang.thanh.minh@company.vn,3,FC,2028-07-08,On Leave,0332791495
54,Le Van Vu,0399568253 | le.van.vu@fleet.vn,1,FC,2029-01-15,Inactive,0702580481
55,Ho Huu Vu,0925731280 | ho.huu.vu@fleet.vn,1,C,2027-04-04,Active,0970608037
56,Bui Huu Cuong,0827537767 | bui.huu.cuong@gmail.com,3,FC,2028-07-23,Active,0773196720
57,Bui Tien Hai,0341826030 | bui.tien.hai@outlook.com,2,FC,2027-06-09,Active,0820502233
58,Dang Duc Vu,0811223638 | dang.duc.vu@outlook.com,1,B2,2029-10-24,Active,0960760248
59,Bui Thanh An,0841020138 | bui.thanh.an@fleet.vn,3,FC,2028-12-10,Active,0859727965
60,Ly Minh Vu,0920210662 | ly.minh.vu@company.vn,1,B2,2030-06-08,Active,0845674124
61,Phan Anh Tai,0344039619 | phan.anh.tai@gmail.com,1,FC,2029-09-06,Active,0972817735
62,Pham Van Nghia,0708595902 | pham.van.nghia@fleet.vn,1,C,2027-12-18,Active,0782658271
63,Ho Van Nghia,0339222981 | ho.van.nghia@gmail.com,3,C,2029-09-23,Active,0903732110
64,Dang Bao Thang,0382064169 | dang.bao.thang@fleet.vn,4,B2,2029-08-07,Active,0818799657
65,Vu Huu Tuan,0968801890 | vu.huu.tuan@fleet.vn,4,FC,2028-05-11,Inactive,0777115923
66,Ho Bao Minh,0969986363 | ho.bao.minh@fleet.vn,3,C,2028-11-06,Inactive,0343015725
67,Vu Anh Viet,0811812612 | vu.anh.viet@gmail.com,1,B2,2027-03-09,Active,0773020771
68,Ho Van Quan,0839497507 | ho.van.quan@outlook.com,3,C,2028-01-13,Active,0978998083
69,Bui Huu Trung,0779297230 | bui.huu.trung@outlook.com,1,C,2031-02-14,Active,0845416476
70,Pham Anh Minh,0768054124 | pham.anh.minh@company.vn,1,B2,2028-08-29,Suspended,0810237064
71,Bui Van Vu,0982597428 | bui.van.vu@outlook.com,2,FC,2027-12-20,Active,0975594688
72,Duong Anh Loc,0937805175 | duong.anh.loc@company.vn,3,FC,2030-07-06,Active,0363105369
73,Le Minh Dat,0767745906 | le.minh.dat@fleet.vn,1,FC,2029-10-21,Active,0854317904
74,Hoang Anh Thang,0936329187 | hoang.anh.thang@gmail.com,1,C,2028-11-15,Active,0328981166
75,Dang Quoc Son,0816055369 | dang.quoc.son@company.vn,3,C,2031-04-26,Active,0325808878
76,Phan Huu Minh,0362735600 | phan.huu.minh@company.vn,3,C,2028-06-12,Active,0837065693
77,Tran Thu Nhi,0913980056 | tran.thu.nhi@gmail.com,1,B2,2029-05-03,Active,0342683478
78,Duong Tien Tuan,0782204421 | duong.tien.tuan@outlook.com,3,B2,2027-01-20,Active,0367741107
79,Vo Bao Son,0910709629 | vo.bao.son@company.vn,4,C,2028-07-11,Suspended,0384019392
80,Vu Huu Tuan,0376013248 | vu.huu.tuan@gmail.com,2,B2,2026-11-07,Active,0364593148
81,Hoang Duc Hieu,0770820842 | hoang.duc.hieu@fleet.vn,1,FC,2029-04-06,Suspended,0394683599
82,Vo Anh Hung,0920485162 | vo.anh.hung@outlook.com,4,FC,2029-12-28,Active,0375387647
83,Pham Anh Long,0939435474 | pham.anh.long@outlook.com,4,B2,2028-11-08,Inactive,0796947492
84,Ngo Quoc An,0346123603 | ngo.quoc.an@gmail.com,2,C,2027-02-21,Active,0327541257
85,Ngo Quoc Cuong,0827955626 | ngo.quoc.cuong@gmail.com,4,C,2028-05-16,Active,0985018030
86,Ho Minh Nghia,0946521837 | ho.minh.nghia@fleet.vn,3,FC,2031-05-28,Active,0920365970
87,Tran Thanh Hung,0831760627 | tran.thanh.hung@fleet.vn,1,C,2029-04-03,Active,0966945316
88,Dang Bao Phuc,0845477560 | dang.bao.phuc@company.vn,3,B2,2028-05-21,Inactive,0936202083
89,Vu Hong Lan,0351817821 | vu.hong.lan@outlook.com,3,B2,2030-10-29,Active,0825138266
90,Dang Tien Minh,0385951426 | dang.tien.minh@gmail.com,3,B2,2029-12-11,Inactive,0375394931
91,Vu Tien Long,0986189173 | vu.tien.long@fleet.vn,4,C,2030-06-25,Active,0924238367
92,Hoang Duc Long,0938808951 | hoang.duc.long@company.vn,1,C,2027-10-17,Active,0848327033
93,Hoang Bao Dat,0961624790 | hoang.bao.dat@outlook.com,1,B2,2028-10-30,Active,0828092866
94,Ngo Huu Binh,0849154071 | ngo.huu.binh@outlook.com,3,C,2027-10-07,Active,0322185831
95,Phan Anh Trung,0975475281 | phan.anh.trung@gmail.com,2,C,2028-09-04,Active,0843765359
96,Phan Tien Nam,0359843188 | phan.tien.nam@fleet.vn,1,FC,2031-05-10,Active,0368326291
97,Ly Huu Phong,0774564762 | ly.huu.phong@gmail.com,4,B2,2031-03-01,Active,0845359448
98,Pham Thu Nga,0766103571 | pham.thu.nga@gmail.com,4,FC,2028-10-24,Active,0762958158
99,Pham Huu Duc,0326607854 | pham.huu.duc@outlook.com,1,FC,2031-07-21,Active,0372535747
100,Le Quoc Quan,0785211501 | le.quoc.quan@fleet.vn,2,FC,2030-03-23,Active,0848873621
101,Duong Quoc Phuc,0344247255 | duong.quoc.phuc@company.vn,2,C,2031-07-17,Active,0323155678
102,Ho Gia Phong,0395183397 | ho.gia.phong@company.vn,3,C,2029-12-22,Active,0775344678
103,Ngo Gia Nam,0705947186 | ngo.gia.nam@outlook.com,1,C,2029-08-28,Active,0321100294
104,Vo Huu Khanh,0909951069 | vo.huu.khanh@company.vn,2,C,2028-06-11,Inactive,0983770100
105,Vo Tien Nghia,0904667863 | vo.tien.nghia@company.vn,4,C,2027-10-03,Active,0925979780
106,Hoang Minh Son,0903438985 | hoang.minh.son@fleet.vn,3,FC,2030-11-30,Inactive,0327619976
107,Pham Bao Minh,0918959064 | pham.bao.minh@fleet.vn,3,B2,2030-10-11,Active,0363671189
108,Vu Bao Trung,0966131906 | vu.bao.trung@fleet.vn,3,C,2027-05-09,Active,0821375429
109,Pham Van Nam,0850166351 | pham.van.nam@gmail.com,3,C,2026-12-24,Active,0371276613
110,Do Thanh Duc,0901893378 | do.thanh.duc@fleet.vn,1,B2,2027-07-06,Active,0989753758
111,Pham Bao Dat,0853339209 | pham.bao.dat@company.vn,1,FC,2027-11-17,Active,0321401645
112,Le Tien Khoa,0814541859 | le.tien.khoa@fleet.vn,1,FC,2027-12-10,Active,0773918607
113,Nguyen Minh Binh,0799574476 | nguyen.minh.binh@gmail.com,1,FC,2030-03-03,Active,0825732892
114,Le Duc Tuan,0971712874 | le.duc.tuan@company.vn,2,C,2027-02-13,Active,0354294400
115,Ho Thanh Tuan,0359741042 | ho.thanh.tuan@outlook.com,1,FC,2029-11-07,Active,0942008352
116,Ngo Gia Hung,0811553442 | ngo.gia.hung@fleet.vn,1,B2,2029-10-28,Active,0381016824
117,Ly Bao Minh,0360558640 | ly.bao.minh@gmail.com,3,C,2030-07-24,Inactive,0794196001
118,Vo Bao Dat,0705590778 | vo.bao.dat@gmail.com,4,FC,2031-01-29,Active,0900290706
119,Ngo Tien Nam,0797542044 | ngo.tien.nam@fleet.vn,3,C,2028-09-19,Active,0813524302
120,Nguyen Bao Viet,0973179655 | nguyen.bao.viet@fleet.vn,3,FC,2031-04-14,Active,0914079149
121,Nguyen Minh Tuan,0371486666 | nguyen.minh.tuan@gmail.com,1,FC,2026-09-04,Active,0358959037
122,Dang Tien Vu,0368040855 | dang.tien.vu@gmail.com,4,C,2027-07-21,Active,0935889983
123,Ngo Huu Tuan,0969545401 | ngo.huu.tuan@fleet.vn,4,C,2031-02-23,Inactive,0705436811
124,Hoang Tien Son,0375482165 | hoang.tien.son@company.vn,1,B2,2028-11-05,Active,0827396860
125,Phan Minh Phuc,0904308612 | phan.minh.phuc@company.vn,1,B2,2029-06-21,On Leave,0777374786
126,Hoang Van Khoa,0913579425 | hoang.van.khoa@company.vn,4,C,2027-07-12,Active,0344133195
127,Do Gia Minh,0909724620 | do.gia.minh@outlook.com,2,C,2029-01-27,Active,0369319560
128,Duong Huu Cuong,0908926961 | duong.huu.cuong@company.vn,1,FC,2030-04-11,Active,0944244012
129,Phan Anh Vu,0329397426 | phan.anh.vu@outlook.com,1,FC,2027-12-04,Active,0776862748
130,Ho Bao Thang,0915765978 | ho.bao.thang@outlook.com,1,FC,2030-06-09,Active,0851244812
131,Le Gia Loc,0935829364 | le.gia.loc@outlook.com,2,C,2026-08-10,Active,0903803236
132,Bui Quoc Thang,0974363630 | bui.quoc.thang@fleet.vn,3,FC,2028-10-26,Active,0816085782
133,Vu Quoc Dat,0333006582 | vu.quoc.dat@gmail.com,2,C,2030-11-02,Active,0370996298
134,Vu Bao Tai,0328938445 | vu.bao.tai@fleet.vn,1,C,2028-02-06,Active,0904979156
135,Pham Thanh Minh,0921470336 | pham.thanh.minh@company.vn,3,FC,2030-11-24,Inactive,0330948111
136,Vo Gia Viet,0973000290 | vo.gia.viet@gmail.com,3,C,2027-06-26,Active,0857690951
137,Vu Bao Phuc,0341594708 | vu.bao.phuc@outlook.com,2,B2,2029-02-12,Active,0369421807
138,Nguyen Minh Vu,0772353705 | nguyen.minh.vu@company.vn,1,FC,2030-11-24,Active,0789911662
139,Hoang Thanh Trung,0812624788 | hoang.thanh.trung@fleet.vn,4,B2,2028-04-08,Active,0351199257
140,Vo Tien Thang,0973266611 | vo.tien.thang@company.vn,3,C,2027-11-17,Active,0855688305
141,Tran Tien Son,0946067275 | tran.tien.son@company.vn,4,C,2029-10-04,Inactive,0706288088
142,Ho Huu Vu,0842983129 | ho.huu.vu@gmail.com,1,C,2027-12-14,Inactive,0702058864
143,Vo Anh Dat,0987361595 | vo.anh.dat@gmail.com,1,FC,2031-03-02,Active,0857854551
144,Ho Tien Binh,0941424130 | ho.tien.binh@fleet.vn,1,C,2031-02-02,Suspended,0969597112
145,Pham Tien Tuan,0351165091 | pham.tien.tuan@company.vn,1,C,2026-08-01,Active,0375505911
146,Nguyen Quoc Long,0843419566 | nguyen.quoc.long@outlook.com,1,B2,2029-05-03,Active,0943002372
147,Pham Anh Nam,0345772775 | pham.anh.nam@company.vn,4,C,2030-09-26,Active,0383493600
148,Nguyen Bao Trung,0709954006 | nguyen.bao.trung@outlook.com,2,C,2026-09-29,Active,0819640069
149,Tran Huu Phuc,0760433892 | tran.huu.phuc@outlook.com,3,B2,2027-07-13,Suspended,0335077452
150,Dang Tien Hieu,0980245854 | dang.tien.hieu@outlook.com,3,C,2029-08-31,Active,0986335140
151,Vu Van Phuc,0364794955 | vu.van.phuc@company.vn,3,FC,2029-03-12,Active,0790950983
152,Tran Bao Quan,0824207431 | tran.bao.quan@fleet.vn,1,FC,2028-08-12,Active,0355761074
153,Hoang Quoc Hung,0900079873 | hoang.quoc.hung@company.vn,1,C,2027-01-26,On Leave,0358324837
154,Duong Tien Duc,0327070398 | duong.tien.duc@outlook.com,1,C,2028-08-17,Inactive,0709421841
155,Dang Tien Phong,0330598167 | dang.tien.phong@company.vn,4,C,2031-05-28,Inactive,0341439973
156,Nguyen Thanh Hai,0355968818 | nguyen.thanh.hai@fleet.vn,3,B2,2027-04-01,Active,0771087287
157,Bui Quoc Khanh,0903092790 | bui.quoc.khanh@gmail.com,1,FC,2027-04-23,Active,0857626754
158,Pham Gia Quan,0971806799 | pham.gia.quan@company.vn,1,FC,2030-09-17,Active,0983527703
159,Ngo Anh Nghia,0828287327 | ngo.anh.nghia@company.vn,3,B2,2027-03-03,Active,0778154250
160,Pham Tien Hai,0769559329 | pham.tien.hai@gmail.com,1,C,2031-02-10,Active,0799530897
161,Vo Tien Phong,0385700993 | vo.tien.phong@fleet.vn,2,C,2027-08-25,Active,0836309129
162,Vo Phuong Mai,0778743616 | vo.phuong.mai@outlook.com,1,B2,2027-09-02,Suspended,0946939296
163,Ly Ngoc Trang,0989390876 | ly.ngoc.trang@fleet.vn,1,C,2030-08-15,Active,0343389937
164,Bui Duc Tuan,0760804115 | bui.duc.tuan@fleet.vn,3,B2,2031-04-04,Active,0787530270
165,Vu Duc Nghia,0322812102 | vu.duc.nghia@fleet.vn,3,FC,2027-12-26,Suspended,0846920260
166,Do Thanh Khoa,0787235130 | do.thanh.khoa@fleet.vn,3,C,2028-10-31,Active,0819556349
167,Nguyen Huu Hai,0976242679 | nguyen.huu.hai@company.vn,2,C,2031-01-25,Active,0908369803
168,Ngo Quoc Phong,0320232811 | ngo.quoc.phong@gmail.com,1,C,2030-03-06,Active,0375665722
169,Tran Huu An,0818026954 | tran.huu.an@gmail.com,3,B2,2028-05-19,Active,0390813476
170,Ly Thanh Tuan,0989488055 | ly.thanh.tuan@outlook.com,1,C,2031-03-02,Inactive,0761092687
171,Le Bao Quan,0828619188 | le.bao.quan@company.vn,2,C,2028-04-15,Active,0947017166
172,Tran Thanh Vu,0960301145 | tran.thanh.vu@gmail.com,3,FC,2029-03-25,Active,0855785491
173,Vu Anh Vu,0779476809 | vu.anh.vu@company.vn,1,FC,2029-12-21,Active,0849415388
174,Dang Quoc Hung,0375656826 | dang.quoc.hung@company.vn,3,B2,2029-10-03,Active,0332242217
175,Tran Huu Tai,0941016002 | tran.huu.tai@fleet.vn,4,C,2030-04-22,Suspended,0709621748
176,Ly Huu Long,0971030216 | ly.huu.long@fleet.vn,2,FC,2030-12-25,Active,0787594435
177,Pham Quoc Trung,0910689028 | pham.quoc.trung@fleet.vn,1,B2,2030-06-02,Active,0375929029
178,Hoang Huu Khoa,0988940048 | hoang.huu.khoa@outlook.com,2,C,2027-08-10,Active,0794783790
179,Vu Thanh Quan,0982644966 | vu.thanh.quan@company.vn,1,FC,2028-09-08,Active,0942406341
180,Le Gia Dat,0984183662 | le.gia.dat@company.vn,1,C,2028-06-28,Suspended,0356869549
181,Bui Huu Thang,0963806622 | bui.huu.thang@gmail.com,3,C,2027-02-14,Active,0982199991
182,Nguyen Thanh Hai,0338208854 | nguyen.thanh.hai@gmail.com,1,FC,2029-06-15,Active,0962873664
183,Vu Tien Phuc,0979931945 | vu.tien.phuc@gmail.com,4,C,2026-10-04,Active,0793773849
184,Le Thanh Nam,0903869581 | le.thanh.nam@outlook.com,2,FC,2031-04-16,Active,0911733341
185,Nguyen Bao Minh,0352392996 | nguyen.bao.minh@company.vn,1,FC,2028-07-14,Active,0397141782
186,Vo Tien Tai,0939067453 | vo.tien.tai@company.vn,1,B2,2028-06-14,Active,0369074953
187,Duong Duc Thang,0984268411 | duong.duc.thang@company.vn,4,FC,2026-08-22,Active,0929664371
188,Vo Bao Duc,0381020896 | vo.bao.duc@gmail.com,3,C,2027-03-08,Active,0368909366
189,Nguyen Quoc Viet,0761481462 | nguyen.quoc.viet@fleet.vn,4,B2,2027-01-29,Active,0979756099
190,Pham Gia Khoa,0791761787 | pham.gia.khoa@gmail.com,1,C,2028-07-11,Active,0367938622
191,Do Bao Long,0911286872 | do.bao.long@gmail.com,3,C,2027-02-25,Active,0391403039
192,Vo Van Vu,0357881001 | vo.van.vu@outlook.com,1,FC,2026-11-05,Active,0353885855
193,Ho Huu Viet,0947524242 | ho.huu.viet@company.vn,3,C,2029-05-22,Inactive,0389999117
194,Tran Tien Nam,0938576681 | tran.tien.nam@gmail.com,1,C,2027-03-08,Active,0790189330
195,Duong Bao Long,0703728062 | duong.bao.long@gmail.com,1,C,2030-12-14,Active,0971518071
196,Dang Duc Nghia,0933077035 | dang.duc.nghia@company.vn,2,FC,2028-08-08,Active,0926347059
197,Vu Duc An,0795235314 | vu.duc.an@fleet.vn,3,C,2028-12-12,Active,0981241066
198,Ho Huu Duc,0977964540 | ho.huu.duc@outlook.com,1,C,2030-09-16,On Leave,0380482791
199,Vu Van Tuan,0856642626 | vu.van.tuan@gmail.com,4,FC,2028-05-26,Active,0381073196
200,Do Thanh Hung,0900874395 | do.thanh.hung@outlook.com,1,B2,2031-03-02,Active,0989470453
201,Do Gia Viet,0768083360 | do.gia.viet@gmail.com,2,C,2027-09-15,Active,0330232153
202,Vu Tien Hung,0925353303 | vu.tien.hung@outlook.com,4,B2,2031-06-09,Active,0960315464
203,Tran Thanh Khoa,0907632629 | tran.thanh.khoa@gmail.com,1,FC,2031-06-25,Active,0767320863
204,Bui Minh Trung,0702428825 | bui.minh.trung@company.vn,3,FC,2030-08-07,Inactive,0362551772
205,Duong Anh Loc,0700199740 | duong.anh.loc@company.vn,3,FC,2028-08-23,Active,0358743832
206,Vu Thanh Phong,0360035830 | vu.thanh.phong@company.vn,2,FC,2030-08-08,Active,0900088172
207,Phan Gia Quan,0903640990 | phan.gia.quan@company.vn,2,B2,2030-01-15,Active,0342322330
208,Dang Anh Quan,0388161814 | dang.anh.quan@company.vn,1,FC,2028-03-13,Active,0704602455
209,Ngo Gia Hai,0923718350 | ngo.gia.hai@fleet.vn,3,FC,2027-05-20,Active,0926480293
210,Nguyen Quoc Long,0331862317 | nguyen.quoc.long@company.vn,2,C,2027-05-28,Active,0382517003
211,Tran Minh Khanh,0704471973 | tran.minh.khanh@fleet.vn,4,B2,2030-03-31,Active,0828146738
212,Hoang Thanh Khanh,0397524227 | hoang.thanh.khanh@company.vn,1,B2,2029-08-04,On Leave,0331209579
213,Tran Bao Phuc,0760348486 | tran.bao.phuc@outlook.com,1,FC,2030-03-08,Active,0967196632
214,Ngo Tien Hung,0852847415 | ngo.tien.hung@fleet.vn,4,C,2030-01-28,Active,0371585637
215,Hoang Anh Thang,0921597009 | hoang.anh.thang@fleet.vn,3,C,2030-07-20,On Leave,0844523649
216,Do Huu Tuan,0940621196 | do.huu.tuan@gmail.com,4,C,2027-01-15,Inactive,0375781119
217,Ho Duc Long,0788111662 | ho.duc.long@outlook.com,1,B2,2027-06-01,Active,0389705192
218,Ly Van Nam,0909048036 | ly.van.nam@gmail.com,2,C,2027-02-04,Active,0346816469
219,Do Minh Hung,0392443195 | do.minh.hung@fleet.vn,4,C,2030-01-01,Active,0810351603
220,Le Quoc Hieu,0974053652 | le.quoc.hieu@company.vn,1,FC,2029-06-19,Active,0826861627
