CoachingID,DriverID,ScoreID,CoachingDate,Outcome,Status
1,2,18,2018-07-11,Pending,Scheduled
2,2,28,2023-09-05,Pending,Scheduled
3,3,64,2023-09-08,Completed Successfully,Completed
4,5,115,2020-09-04,Pending Evaluation,Completed
5,10,198,2022-11-04,Improved,Completed
6,11,201,2019-01-08,Needs Follow-up,Completed
7,11,203,2026-01-11,Improved,Completed
8,11,220,2017-10-12,Pending,Scheduled
9,13,241,2019-03-07,Pending Evaluation,Completed
10,13,246,2019-04-13,Needs Follow-up,Completed
11,13,256,2020-06-19,Needs Follow-up,Completed
12,13,266,2018-08-09,Pending Evaluation,Completed
13,13,276,2017-10-20,Completed Successfully,Completed
14,14,296,2018-06-12,Pending,Scheduled
15,14,306,2018-09-17,Needs Follow-up,Completed
16,19,387,2020-01-11,Needs Follow-up,Completed
17,19,390,2018-02-16,Needs Follow-up,Completed
18,19,403,2017-05-08,Improved,Completed
19,19,425,2019-09-19,Pending,Scheduled
20,19,431,2019-10-20,Pending,Scheduled
21,19,432,2022-10-15,Improved,Completed
22,19,441,2022-12-17,Cancelled,Cancelled
23,21,463,2023-04-20,Pending,Scheduled
24,22,495,2025-06-20,Improved,Completed
25,22,506,2019-11-21,Improved,Completed
26,27,574,2017-01-12,Pending,Scheduled
27,31,655,2021-07-10,Needs Follow-up,Completed
28,31,656,2018-08-18,Pending,Scheduled
29,31,658,2022-08-12,Completed Successfully,Completed
30,31,664,2022-11-08,Pending,Scheduled
31,31,665,2018-12-15,Needs Follow-up,Completed
32,31,666,2022-12-16,Needs Follow-up,Completed
33,35,681,2020-01-19,Pending,Scheduled
34,36,707,2019-02-08,Pending,Scheduled
35,36,716,2018-08-14,Cancelled,Cancelled
36,36,717,2024-08-11,Pending,Scheduled
37,42,788,2025-05-05,Pending Evaluation,Completed
38,42,795,2019-07-10,Needs Follow-up,Completed
39,42,802,2024-08-18,Improved,Completed
40,42,821,2023-12-06,Pending Evaluation,Completed
41,43,823,2026-06-14,Improved,Completed
42,43,824,2026-07-17,Pending,Scheduled
43,44,838,2025-03-16,Pending,Scheduled
44,44,846,2022-08-13,Completed Successfully,Completed
45,44,852,2022-09-07,Pending Evaluation,Completed
46,44,854,2022-10-17,Improved,Completed
47,45,880,2018-07-14,Completed Successfully,Completed
48,45,890,2024-09-08,Pending Evaluation,Completed
49,45,893,2024-10-16,Pending Evaluation,Completed
50,49,923,2026-07-06,Cancelled,Cancelled
51,50,931,2019-12-06,Needs Follow-up,Completed
52,51,944,2026-05-08,Pending Evaluation,Completed
53,55,1011,2026-03-08,Pending,Scheduled
54,57,1031,2021-06-07,Improved,Completed
55,58,1042,2022-03-21,Pending Evaluation,Completed
56,58,1049,2025-06-14,Cancelled,Cancelled
57,61,1071,2021-02-05,Needs Follow-up,Completed
58,61,1078,2018-05-17,Completed Successfully,Completed
59,61,1093,2025-12-06,Cancelled,Cancelled
60,63,1094,2022-03-18,Pending Evaluation,Completed
61,64,1108,2021-04-15,Improved,Completed
62,64,1118,2021-08-16,Cancelled,Cancelled
63,65,1136,2018-05-17,Pending Evaluation,Completed
64,68,1183,2026-06-05,Needs Follow-up,Completed
65,69,1192,2026-07-10,Completed Successfully,Completed
66,75,1255,2024-02-15,Completed Successfully,Completed
67,75,1277,2025-07-11,Improved,Completed
68,77,1302,2023-01-12,Pending,Scheduled
69,77,1318,2023-05-12,Cancelled,Cancelled
70,77,1322,2019-06-13,Pending Evaluation,Completed
71,77,1326,2021-07-08,Improved,Completed
72,77,1330,2019-08-19,Completed Successfully,Completed
73,77,1336,2021-09-12,Pending,Scheduled
74,77,1337,2023-09-08,Pending,Scheduled
75,77,1344,2019-11-09,Needs Follow-up,Completed
76,77,1345,2022-11-07,Pending Evaluation,Completed
77,77,1346,2023-11-10,Cancelled,Cancelled
78,78,1359,2026-02-06,Improved,Completed
79,79,1374,2020-01-11,Needs Follow-up,Completed
80,79,1376,2023-01-07,Improved,Completed
81,79,1379,2028-01-05,Completed Successfully,Completed
82,79,1395,2026-05-21,Completed Successfully,Completed
83,79,1397,2025-06-04,Needs Follow-up,Completed
84,79,1410,2018-10-11,Pending,Scheduled
85,79,1415,2017-11-07,Pending,Scheduled
86,80,1433,2021-04-14,Completed Successfully,Completed
87,83,1505,2026-07-06,Cancelled,Cancelled
88,84,1515,2018-02-14,Needs Follow-up,Completed
89,84,1548,2025-07-13,Cancelled,Cancelled
90,84,1559,2023-10-06,Improved,Completed
91,84,1563,2025-11-06,Pending Evaluation,Completed
92,84,1568,2024-12-11,Cancelled,Cancelled
93,85,1576,2023-07-10,Completed Successfully,Completed
94,88,1607,2018-01-18,Completed Successfully,Completed
95,89,1643,2022-12-12,Needs Follow-up,Completed
96,90,1652,2019-05-11,Cancelled,Cancelled
97,93,1685,2025-02-20,Cancelled,Cancelled
98,95,1720,2023-08-09,Improved,Completed
99,99,1762,2026-06-19,Needs Follow-up,Completed
100,99,1765,2025-09-08,Pending,Scheduled
101,102,1793,2022-06-21,Pending,Scheduled
102,108,1825,2025-02-12,Improved,Completed
103,109,1847,2024-07-09,Cancelled,Cancelled
104,114,1924,2019-03-13,Improved,Completed
105,114,1936,2019-10-21,Improved,Completed
106,115,1959,2021-12-20,Cancelled,Cancelled
107,116,1964,2018-05-17,Completed Successfully,Completed
108,118,1991,2023-03-13,Needs Follow-up,Completed
109,118,2002,2025-05-07,Cancelled,Cancelled
110,121,2058,2026-01-14,Pending Evaluation,Completed
111,121,2085,2024-10-14,Pending,Scheduled
112,121,2090,2025-11-10,Cancelled,Cancelled
113,121,2095,2025-12-17,Pending,Scheduled
114,124,2123,2025-12-11,Completed Successfully,Completed
115,125,2132,2017-10-16,Pending,Scheduled
116,126,2149,2021-04-07,Improved,Completed
117,127,2174,2026-07-14,Needs Follow-up,Completed
118,129,2183,2020-05-18,Pending Evaluation,Completed
119,139,2298,2026-05-11,Improved,Completed
120,145,2361,2025-11-08,Completed Successfully,Completed
121,146,2374,2023-06-19,Pending,Scheduled
122,146,2375,2024-06-15,Cancelled,Cancelled
123,147,2386,2018-01-06,Pending,Scheduled
124,147,2389,2026-01-18,Completed Successfully,Completed
125,147,2426,2019-11-04,Pending Evaluation,Completed
126,148,2440,2020-04-18,Pending,Scheduled
127,148,2462,2020-12-17,Needs Follow-up,Completed
128,149,2466,2022-01-05,Pending Evaluation,Completed
129,149,2486,2027-05-09,Improved,Completed
130,149,2488,2024-06-07,Pending Evaluation,Completed
131,149,2490,2026-06-21,Cancelled,Cancelled
132,149,2506,2018-10-18,Pending Evaluation,Completed
133,149,2507,2019-10-12,Completed Successfully,Completed
134,149,2517,2021-12-04,Improved,Completed
135,150,2529,2026-03-08,Completed Successfully,Completed
136,150,2543,2019-09-11,Pending Evaluation,Completed
137,151,2563,2026-07-14,Improved,Completed
138,152,2581,2022-10-12,Improved,Completed
139,153,2588,2024-05-17,Pending,Scheduled
140,160,2648,2023-06-11,Completed Successfully,Completed
141,162,2657,2022-04-05,Pending Evaluation,Completed
142,162,2665,2026-06-08,Pending Evaluation,Completed
143,164,2685,2019-05-14,Pending Evaluation,Completed
144,164,2687,2025-05-17,Improved,Completed
145,164,2691,2025-06-13,Pending,Scheduled
146,170,2738,2022-04-08,Improved,Completed
147,170,2745,2025-06-15,Pending Evaluation,Completed
148,170,2754,2022-10-05,Completed Successfully,Completed
149,173,2796,2025-07-14,Pending,Scheduled
150,173,2799,2022-10-20,Pending,Scheduled
151,174,2805,2026-07-07,Cancelled,Cancelled
152,175,2809,2023-01-08,Pending Evaluation,Completed
153,179,2844,2023-03-19,Completed Successfully,Completed
154,183,2867,2020-06-10,Cancelled,Cancelled
155,186,2888,2024-03-21,Completed Successfully,Completed
156,188,2913,2020-01-07,Pending Evaluation,Completed
157,188,2933,2026-06-18,Completed Successfully,Completed
158,188,2937,2026-07-20,Cancelled,Cancelled
159,189,2980,2020-08-08,Pending,Scheduled
160,189,2983,2020-09-12,Pending Evaluation,Completed
161,189,2989,2022-11-10,Needs Follow-up,Completed
162,189,2990,2025-11-20,Improved,Completed
163,189,2993,2018-12-18,Pending Evaluation,Completed
164,191,3008,2018-01-15,Completed Successfully,Completed
165,192,3030,2026-04-14,Needs Follow-up,Completed
166,199,3103,2018-03-12,Cancelled,Cancelled
167,200,3152,2017-12-05,Completed Successfully,Completed
168,201,3167,2019-08-20,Needs Follow-up,Completed
169,204,3195,2018-12-12,Needs Follow-up,Completed
170,205,3202,2025-05-05,Pending Evaluation,Completed
171,207,3234,2026-07-08,Completed Successfully,Completed
172,211,3279,2025-01-12,Pending,Scheduled
173,214,3332,2019-05-10,Completed Successfully,Completed
174,214,3337,2018-09-11,Pending,Scheduled
175,216,3352,2024-06-07,Improved,Completed
176,217,3366,2018-06-15,Improved,Completed
