VIN,RegistrationNumber,VehicleCategoryID,Manufacturer,Model,ManufactureYear,CurrentOdometer,DepotID,OperationalStatus
PZSBKK5CHJ3W3GDHE,29C-10350,1,Ford,Transit,2018,265564,1,Available
SLPJURW61WAHZ5WA2,30H-26299,1,Hyundai,Solati,2022,178034,1,Assigned
R38SPLDFPTYP2BCJD,65C-86720,2,Isuzu,NQR,2021,215927,4,Assigned
GM1X2GV7R0E9XHFVV,65H-17104,4,Toyota,Hilux,2022,141118,4,Available
0PSSSEGW1EC25M2JA,65H-76698,3,Dongfeng,EC35,2024,35090,4,Assigned
L2N759HN5PLS7N93Y,51H-55236,4,Isuzu,D-Max,2021,138953,3,Available
7AE59C2JXPCLZU8X6,30C-78937,3,Wuling,Cargo EV,2020,166309,1,Available
920DFKALBMRJPZFFX,50C-66881,2,Isuzu,NQR,2022,107667,3,Available
Z6SKVC89K8ZSK95DN,43H-43466,5,Hino,700 Series,2018,340887,2,Available
52971462H3HGJ12ZE,51C-84177,1,Ford,Transit,2025,17969,3,Available
LPG25NTJF788K53SC,29C-48680,2,Mitsubishi Fuso,Canter,2016,611292,1,Assigned
AUSZZW48DHA6V7HC4,51C-61717,1,Mercedes-Benz,Sprinter,2025,23262,3,Maintenance
D6ERZ18P1FPDTP8BN,43H-25220,1,Toyota,HiAce,2017,309754,2,Available
K884DGY9BM92G4VW3,51C-62184,3,VinFast,EC Van,2025,17036,3,Available
D5EM3WAJEPDCRMWRH,50H-32871,5,Hino,700 Series,2016,495858,3,Available
RD0R6LEEXW0NWKTR3,65H-62640,5,Hino,700 Series,2020,148165,4,Available
P4P1LLJ8ZSDCR1NEB,65H-39949,5,Hino,700 Series,2023,78183,4,OutOfService
LDTFS4MVDKHRV2XZV,65H-88696,2,Mitsubishi Fuso,Canter,2020,250870,4,Available
FEYC19DUNRFLL8W6F,51H-10800,5,Volvo,FMX,2019,260998,3,Assigned
HTMDZWULH9BG822KD,30H-45804,1,Mercedes-Benz,Sprinter,2022,133656,1,Available
RSCLRPYKP8F8SZMRD,29H-15544,1,Toyota,HiAce,2021,192842,1,Available
TDT6M143HEGW2YF2T,30C-20011,1,Hyundai,Solati,2023,79041,1,Assigned
RSX3WMCSBNKY9CWNW,43H-29786,5,Hino,700 Series,2022,151857,2,OutOfService
R349CYB09UXN7N2ZB,30C-18109,5,Hino,700 Series,2022,112143,1,Available
WEM80NW7LN33Z41ZU,29H-20682,1,Mercedes-Benz,Sprinter,2020,297994,1,Available
HEC4D246BM2ENF423,43H-35166,1,Hyundai,Solati,2020,196149,2,Available
H826GZVR22TPFGW5B,43C-79993,1,Toyota,HiAce,2025,14336,2,Available
ER8HRMABTH9NA74Y3,65H-77286,1,Ford,Transit,2020,182024,4,Available
AHE8XP2HEHYXC4TUX,51C-20384,1,Toyota,HiAce,2023,111487,3,Available
ZUM8U2TA5BNN1MCHY,30C-97080,5,Volvo,FMX,2022,101531,1,Available
SZX3C2SKBGB7U9UJ1,65C-99742,2,Isuzu,NQR,2017,443134,4,Available
6N9TT7U30CW4VLCYL,51H-67637,1,Hyundai,Solati,2019,276474,3,Available
98CYM3Z8EX2BC2NNV,51H-93816,1,Hyundai,Solati,2021,192421,3,Available
LK8AGU7D20HXZ9GEC,65H-62171,5,Mercedes-Benz,Actros,2021,120155,4,Available
507Y3TEGE3AVN3VXC,65H-49315,5,Mercedes-Benz,Actros,2022,163000,4,Available
YRZM52YG8R7BEFFL0,50C-51553,3,Wuling,Cargo EV,2021,207330,3,Available
KUTF8FY0W4V4ABYWY,51C-91922,3,VinFast,EC Van,2019,346476,3,Assigned
3ZKCBRSGXL0159ENV,51H-42096,1,Mercedes-Benz,Sprinter,2024,43983,3,Available
P86370GF9S6TCNSHW,43H-90658,2,Isuzu,NQR,2018,233265,2,Available
612NPVGVCT2K9ZD9N,50H-27555,1,Mercedes-Benz,Sprinter,2020,142143,3,Assigned
B03UE6E7LNX4WTTTV,65C-15938,1,Toyota,HiAce,2019,313463,4,Available
S822W0WFXX4EZB8DA,30C-88238,1,Ford,Transit,2025,24126,1,Available
GLYULF7MM20YZXGJV,50C-77984,1,Mercedes-Benz,Sprinter,2021,223628,3,Available
M73KEZN9483KK0MRJ,30H-72888,3,Dongfeng,EC35,2022,160471,1,Available
ZUYBP0D2AV7P75SG8,43C-16653,1,Hyundai,Solati,2018,381396,2,Available
6F79PT7875AVD9K9U,65C-64773,2,Hino,500 Series,2022,100437,4,Available
Y0AMKZGXYPRLPD9S7,51C-70150,3,Dongfeng,EC35,2019,209529,3,Available
MHZSFZ762ZY8NH8SS,43H-95679,1,Hyundai,Solati,2025,14894,2,OutOfService
R0CVCVTVELUDGWDT3,50C-78879,1,Mercedes-Benz,Sprinter,2023,78627,3,Available
JAHCP0UB69SKFEY18,51C-61897,2,Hino,500 Series,2022,158181,3,Available
FUU1HAAKZUU4JMK70,43H-25549,4,Ford,Ranger,2020,281374,2,Available
W0B1PHH5BTK31LWZL,43C-68515,4,Toyota,Hilux,2019,197639,2,Available
ZVBMYNUZPKGUHH5ES,50C-92050,1,Toyota,HiAce,2021,172129,3,Available
CRNU4BNWBC3WZHG6L,43H-94765,1,Toyota,HiAce,2020,206845,2,Maintenance
7V2NUMJTTD9S47NPV,29C-61987,1,Ford,Transit,2023,112773,1,Available
VJV8M2T01S1MEVG69,30C-59786,1,Mercedes-Benz,Sprinter,2020,191430,1,OutOfService
4H0ATNXZXSTAVAUK9,65H-28021,2,Hino,500 Series,2024,28179,4,Available
XJM3C8SJ0K4C9YBPN,50C-35156,4,Toyota,Hilux,2018,245248,3,Available
7H6ZVJ7ZKUYF5AGE4,65C-79226,2,Hino,500 Series,2021,213746,4,Assigned
3ZC1MDHCWXW8LX2RH,30H-28343,3,Wuling,Cargo EV,2019,282015,1,Available
CF0X1LDALMJEGRVPA,30C-19634,1,Mercedes-Benz,Sprinter,2017,462166,1,Available
20V9JUZFJJEFKK2M8,51H-60829,1,Hyundai,Solati,2024,25808,3,Assigned
4N5RR4YWKWZSFPL1X,50H-53544,2,Mitsubishi Fuso,Canter,2018,299864,3,OutOfService
G9F2A08G34C43ZEKJ,43C-83905,5,Mercedes-Benz,Actros,2023,101502,2,Available
B803W7DJYFXVYY8L3,43H-81256,1,Mercedes-Benz,Sprinter,2025,20703,2,Available
9SK7C41MM2UMD0RCB,30C-55215,1,Toyota,HiAce,2021,202533,1,Assigned
FV8HPGYRAXGWN0G13,29C-82339,1,Ford,Transit,2022,91542,1,Available
ZT8LNNDMSFZ37WZLH,65C-44387,1,Toyota,HiAce,2020,191661,4,Available
TU77FFKG4X58SGNVY,30H-34347,1,Mercedes-Benz,Sprinter,2021,136141,1,Available
BHK2V2TTVJU9U12RH,65C-48284,2,Mitsubishi Fuso,Canter,2021,121671,4,Available
5C5D3G1Z5XRX233VU,51H-55688,5,Scania,R450,2020,148449,3,Available
795E5J042ZTWJPRX6,65C-63948,1,Hyundai,Solati,2020,210082,4,Available
1SYMCUHRGJ4MWVTMZ,43C-22208,2,Hyundai,Mighty EX8,2021,227937,2,Available
9R976K55DMCYYBX01,51H-10088,1,Mercedes-Benz,Sprinter,2016,502828,3,Available
AMD5ZSHC3DNKN35YZ,29H-11217,1,Toyota,HiAce,2021,134786,1,Available
Z5CD1WN8LEKCVWX2Z,50H-90750,2,Isuzu,NQR,2021,155851,3,Assigned
B68TDTWU997E5VNZ2,43H-94694,5,Hino,700 Series,2022,94726,2,OutOfService
TXTP0CUXKLTG3UNX4,29C-62163,5,Volvo,FMX,2016,533111,1,Available
XBYYFAEATMU4JN151,51C-69424,1,Toyota,HiAce,2017,322600,3,Available
SMTVNJDV0HTB5JSNE,43C-75031,4,Ford,Ranger,2019,196743,2,Maintenance
P0JCNT6F398CSK4LV,50H-42540,4,Isuzu,D-Max,2023,104967,3,Available
9921V3E7AUXZAM2N1,51H-87554,1,Hyundai,Solati,2023,81795,3,Available
BH4P6S1WTYPWCYEK5,65H-22193,1,Mercedes-Benz,Sprinter,2021,115701,4,Maintenance
E2DDRLDM2RS5C3L0W,50C-36569,1,Hyundai,Solati,2020,211291,3,Available
K4F85VVDD3EC2HGPZ,30C-98759,4,Isuzu,D-Max,2019,273255,1,Maintenance
D43E8B7R0TNRM6KRE,50H-26880,1,Ford,Transit,2016,453801,3,Available
NPY3J9UAN0S2MVLJA,50C-46670,2,Mitsubishi Fuso,Canter,2021,225575,3,Available
DYJ37B9H43M44FW30,51C-30922,1,Hyundai,Solati,2017,423649,3,Maintenance
TCHHUA7GE074LAW72,51H-33010,1,Toyota,HiAce,2022,94672,3,Assigned
KEF838YF8Z72HWFLZ,65C-54113,4,Ford,Ranger,2022,156787,4,Available
L3XYDTLCMLX84Z1MA,65C-88956,5,Hino,700 Series,2020,288762,4,Available
86TNVDS5YZFC4KL8C,43H-65004,5,Volvo,FMX,2023,56310,2,Available
F6FDGG001JKHBV4FM,50H-95673,1,Ford,Transit,2020,266546,3,Available
KC4LPTYDUG6NRJSHJ,50C-93648,1,Mercedes-Benz,Sprinter,2019,186746,3,Available
CNU8Z7VHKP5BVUV9E,51C-82561,5,Volvo,FMX,2022,175929,3,Maintenance
CZG4EWL03CVV5U7A0,65C-65492,1,Toyota,HiAce,2025,11315,4,Available
22565JYVSFPXZPP6Z,29C-83752,5,Scania,R450,2018,374123,1,Available
5Z9HK12L1WCR7PSUN,43H-74437,2,Hyundai,Mighty EX8,2016,578888,2,Available
5GBBBMGNSP7ZHTR8S,29C-35265,5,Hino,700 Series,2021,237438,1,Available
B52HHHGYT58ZSEF3H,51C-60667,1,Hyundai,Solati,2023,61847,3,Available
JSZ4PDTY4NYXKDC9Y,51H-70161,3,Wuling,Cargo EV,2022,125549,3,Maintenance
PLEATK6P1W93M0ZYS,50C-88647,1,Hyundai,Solati,2019,315605,3,Maintenance
EJ32GZMCM1L3LJK5S,30C-71706,1,Toyota,HiAce,2023,73741,1,Maintenance
KB5EGPV6SL02TXFXA,65H-79446,2,Hino,500 Series,2021,150998,4,Available
RRSAU1861UAA1H5LD,29H-93032,5,Scania,R450,2021,123079,1,Available
69M6MG87PH0E1WFNY,30H-66841,1,Ford,Transit,2020,216238,1,Available
4BDREJ0GZAPDUX0P6,29C-95664,4,Isuzu,D-Max,2022,147846,1,Available
0KBTG7LAZ64ZECT0D,43C-56913,2,Hino,500 Series,2021,152363,2,Available
5MZRD56AEYL68J1NM,65C-15170,1,Hyundai,Solati,2019,193128,4,Available
E094D7SVRX2X5616S,43C-24818,1,Mercedes-Benz,Sprinter,2022,132684,2,Available
5UZXR0SYYE46XA7TS,43C-97797,4,Toyota,Hilux,2019,262375,2,Available
YPHS3R5RDTYDPVACW,50C-82154,1,Hyundai,Solati,2019,252917,3,Available
34L2W0MRDYAMX3VND,43H-17113,1,Toyota,HiAce,2022,129796,2,Maintenance
7NS20DP74W2RY8ETU,65C-25826,2,Mitsubishi Fuso,Canter,2018,380131,4,Available
NW6TN972K89REP01K,50C-23573,3,Dongfeng,EC35,2024,36613,3,Assigned
MZ9Y8TZLDMSVZP14K,50H-99995,4,Isuzu,D-Max,2022,96330,3,Assigned
1FKJ4ZK1B3D5151VH,50C-44993,4,Toyota,Hilux,2020,153910,3,Assigned
B1G55RHX0NW1G0GR9,30H-82368,5,Volvo,FMX,2024,50398,1,Available
F4AS7B7W2X4K3VC0U,51H-27048,3,VinFast,EC Van,2020,252330,3,OutOfService
6YLK8XSV1YDMHY7JB,65H-38992,2,Isuzu,NQR,2021,205753,4,Maintenance
4N3RB6GT8F8UACZ25,51C-77746,1,Ford,Transit,2020,281619,3,Available
0BCFJC47PRPLNDA0C,43C-70191,1,Mercedes-Benz,Sprinter,2022,79452,2,Assigned
C2RPYSUEN3V8EZ731,51H-89503,1,Hyundai,Solati,2024,31955,3,Available
VCG10G65EGXJDZVB1,43H-80405,3,Wuling,Cargo EV,2018,230950,2,OutOfService
0TLEYDX6LRXLWVNLR,51C-35875,2,Hino,500 Series,2020,157658,3,Available
SMLVFX45EUJ6CCATB,29H-72908,1,Mercedes-Benz,Sprinter,2019,274237,1,Available
N6W5ETCNAH89Z1EFV,51C-57948,1,Ford,Transit,2022,141233,3,Available
HJHZU3N76BYD8XK1W,29C-73916,4,Isuzu,D-Max,2021,194056,1,Available
3M36A6RHTKEFW3YPL,43H-56255,1,Ford,Transit,2021,198652,2,Available
EWET6EF7UP8Y5148H,43C-15655,5,Hino,700 Series,2018,327714,2,Available
0MRWHNDG5TPEDSXB2,50H-31983,2,Isuzu,NQR,2023,68705,3,Available
50R7S2M364WRJ27CW,43H-58546,1,Toyota,HiAce,2024,25078,2,Available
G3PDRWJUVX9PGVVFV,29H-95792,1,Ford,Transit,2022,85444,1,Available
28DT23XZBNX34SWCJ,43C-68536,3,Wuling,Cargo EV,2020,176193,2,Available
YRGY3KBWUHFBHAF92,65C-32973,2,Mitsubishi Fuso,Canter,2022,138289,4,Available
7M8KXG7VJPDCK8385,50H-83284,1,Ford,Transit,2023,58993,3,Assigned
Z65SJN3H03PMU0JKP,65H-70142,2,Mitsubishi Fuso,Canter,2022,170921,4,Assigned
8Z7TG15GGJXFD7ZYX,50H-33957,1,Toyota,HiAce,2021,192677,3,Assigned
G2TP1EUP8BM52SDUL,30H-74330,2,Mitsubishi Fuso,Canter,2020,222684,1,Available
J8MGPP1NPRV9Z303V,43H-41082,5,Volvo,FMX,2020,208078,2,Maintenance
E6XULTJ5BDFHJ4D1J,50H-75483,1,Toyota,HiAce,2021,102553,3,Available
WYF2MZT16NKXEF3MX,65C-85609,2,Hyundai,Mighty EX8,2016,483563,4,Available
WP6271URF5EHJ11GP,30H-45058,4,Toyota,Hilux,2020,222177,1,Available
XC7NH1REUFBM75S57,43C-44400,3,VinFast,EC Van,2016,628148,2,Available
SHCLPFAU2EKUZT1K2,65H-55504,1,Toyota,HiAce,2022,129840,4,Assigned
F1NNJPH273ZK13P5G,65H-42754,2,Hyundai,Mighty EX8,2019,326945,4,Available
F9A9KERACAHP2TNZB,50H-12542,2,Hyundai,Mighty EX8,2022,134486,3,Available
6JNA90N9J9G1DYGN8,30C-35191,5,Mercedes-Benz,Actros,2023,59356,1,Maintenance
65HDXLFKD3AB2SWNC,51C-57241,1,Ford,Transit,2019,347384,3,Available
TLVYM61AN0JB0VUTV,50C-26492,1,Ford,Transit,2017,468971,3,Available
UR2T16XNXLC84GZ2F,43H-44517,1,Toyota,HiAce,2017,340638,2,Available
5GTDV4YU0JNWC7GT6,29C-33414,1,Ford,Transit,2021,117479,1,Available
JBCL88D0UGUJXF1PD,30C-90862,4,Isuzu,D-Max,2023,104519,1,Available
MF9RML9LN2R0XVH27,43H-76151,1,Mercedes-Benz,Sprinter,2024,35932,2,Available
E6A9HL2847TVVDSFJ,43C-77844,3,Dongfeng,EC35,2016,438173,2,Maintenance
3F4ZW6WK1WCB2M3P5,29C-52558,1,Hyundai,Solati,2017,404804,1,Maintenance
ULVL0FZ991VCR2EMS,51C-49948,1,Ford,Transit,2022,152862,3,Assigned
GPVV9UHJRZWDPNGMY,43H-83308,2,Mitsubishi Fuso,Canter,2021,134177,2,Assigned
ZF1C1JXE4KM3LSL1G,29C-36173,1,Mercedes-Benz,Sprinter,2022,127732,1,Available
6UJBGZJS8CYY7MDK6,50H-86415,5,Hino,700 Series,2023,68526,3,Available
G8V0B7LT1AZMK99KC,43C-34434,3,Wuling,Cargo EV,2017,382694,2,Available
6YCN8XXHHF97LUGEU,65C-54798,1,Ford,Transit,2024,43362,4,Assigned
77LV8DL6026PPR767,43C-96013,4,Isuzu,D-Max,2024,33863,2,Available
ZMZSTW0N5TEGB2AJP,29C-40266,5,Scania,R450,2016,559912,1,Assigned
6R2X40P7VUY0BDS55,51H-69971,3,VinFast,EC Van,2018,335155,3,Available
R62KFK7Z6SYCTFW6V,65C-48165,2,Hino,500 Series,2022,137649,4,Available
JZ630EDRMUN3T8NN2,29H-21820,1,Mercedes-Benz,Sprinter,2022,163406,1,Maintenance
L18KF68A2ATT3XTHY,65C-64995,2,Isuzu,NQR,2018,257907,4,Available
GBMEBWWLCD9FKY0VV,51C-16411,1,Ford,Transit,2019,323482,3,OutOfService
424CSE5LPGGBV9UC0,43H-59668,5,Volvo,FMX,2017,378458,2,Available
XT1T36HKGDS31GXPB,51H-27001,5,Hyundai,Xcient,2022,111482,3,Available
KV2DLPV84G47SSBEF,30C-50340,4,Isuzu,D-Max,2019,253826,1,Available
0LUGZ36M8KB9X4VNW,65H-84048,4,Ford,Ranger,2023,104257,4,Maintenance
5N4KUFNBGDT36FMS5,51C-75149,5,Mercedes-Benz,Actros,2022,105585,3,Available
S0UA7ZWCSBUYLWL6L,50C-14791,1,Ford,Transit,2023,117652,3,Available
D8VDUVJ83VFL6UBA6,29C-45866,1,Mercedes-Benz,Sprinter,2022,105737,1,Available
LG23C72VD30DLY2S8,30H-50952,1,Mercedes-Benz,Sprinter,2018,376269,1,Available
ASMSF2WED33LY3UPP,30H-73898,4,Ford,Ranger,2020,226593,1,Available
2UHYC7VTWSV4F8CD3,65H-84345,2,Mitsubishi Fuso,Canter,2017,354588,4,Assigned
YRKXRG5K3Z77079WX,43C-29231,1,Ford,Transit,2017,514180,2,Available
4M55H0PLNNUYSGN74,65C-83404,4,Toyota,Hilux,2020,283886,4,Available
R9CYPS3WRFTVRMGWW,50H-96235,3,VinFast,EC Van,2016,428235,3,Assigned
SNW8C1U51KUUXJXYZ,43C-84468,1,Mercedes-Benz,Sprinter,2024,49049,2,Available
6VLM9KFZWL2JXWVYK,51H-77195,2,Hino,500 Series,2024,25706,3,Assigned
K5ADFWER3J0T35MCE,43C-90713,1,Toyota,HiAce,2021,172836,2,Maintenance
W4BJ4BSSS87HZNJUR,43C-37637,1,Mercedes-Benz,Sprinter,2023,81188,2,Available
XYJJ3JWSZHZ2UZ9LA,43H-66595,5,Mercedes-Benz,Actros,2025,6344,2,Available
GAD7Y48Y0D5EY6V86,43H-43016,1,Ford,Transit,2022,116073,2,Available
FC2NLB8JRT7XFTE2H,43H-43729,1,Ford,Transit,2022,106226,2,Available
6EY7YJ06VU8TR422U,51H-12459,3,VinFast,EC Van,2016,456916,3,Available
KB9YN5M42KGV8YKND,51H-99369,3,Dongfeng,EC35,2018,360326,3,Available
0WTCULU4R9BB2BD3Z,65C-13324,2,Mitsubishi Fuso,Canter,2023,68342,4,Available
TA6XJYAX64DX4C3DW,65C-28558,5,Scania,R450,2023,80537,4,Available
WE432WMDEPZVR7BD4,30C-99664,1,Hyundai,Solati,2023,102692,1,Available
WKZ3SEEJRHFZW0XC4,29C-95426,5,Hyundai,Xcient,2017,301893,1,Available
TSXGBDE47TF7BNGJX,50H-80742,1,Toyota,HiAce,2018,358988,3,Maintenance
TCHRWP16HDHHPG6CW,29C-73577,2,Hino,500 Series,2024,36526,1,Available
X9GEZBE5SFM6W3YXF,29H-35448,1,Mercedes-Benz,Sprinter,2018,317906,1,OutOfService
AR5JRH7876PB91TRP,30H-46591,4,Isuzu,D-Max,2021,156739,1,Assigned
EKYCSL051AS25P3NS,29H-38574,5,Hyundai,Xcient,2019,326404,1,Available
0XVGZXM7T7NBNSBNY,30H-45361,4,Isuzu,D-Max,2020,148575,1,Assigned
5012L6TPBNRT4SU46,65H-86037,2,Isuzu,NQR,2025,12819,4,Available
6K8DK0T5UXK8UEMRY,50C-61207,1,Ford,Transit,2019,300028,3,Available
MYLWZ4RLE3FJS92BM,65H-85851,1,Toyota,HiAce,2023,118107,4,Available
D9VRNG0Y9ER9UEA72,65C-41182,1,Hyundai,Solati,2019,225969,4,Maintenance
6819Z317MDSBZDAXH,30H-72116,3,Wuling,Cargo EV,2021,233014,1,Available
C5Z89PTWTBZP0RNAM,51C-12955,1,Toyota,HiAce,2022,99116,3,Available
F161P4WEL9UM7WNAY,51H-47831,1,Toyota,HiAce,2023,108224,3,Available
4KWT1H3FKYYEYKF6Y,43H-15535,1,Toyota,HiAce,2019,280078,2,Available
XSZDTV4FBL5EFJP7M,43H-43804,5,Volvo,FMX,2022,117416,2,Available
LL43J0MUMEEK2P7FH,65C-81265,2,Isuzu,NQR,2023,74018,4,Available
7DEAMZER9U9FL1DEZ,50H-70357,4,Isuzu,D-Max,2022,178975,3,Available
1BD3TBDJCZ127G6GM,29C-73472,1,Ford,Transit,2021,129287,1,Available
42U08F1A0775S0GZD,65C-22989,4,Isuzu,D-Max,2020,182089,4,Assigned
DE20VBLDKWL9RVK5G,43C-71066,3,Wuling,Cargo EV,2019,209581,2,Available
RYCEPWD79C9MW9E40,43C-61952,4,Isuzu,D-Max,2020,143351,2,Available
WPSK2DJTXEDBCZ9NZ,51H-97382,5,Mercedes-Benz,Actros,2023,102459,3,Available
KTTU3UA296DR5RBFY,30H-36467,2,Hino,500 Series,2022,138150,1,Assigned
VTVUSVFBJWNZ2KCWE,30H-24336,4,Ford,Ranger,2018,407622,1,Available
PBJHLCZ5DFUBYPTPA,51H-56840,4,Isuzu,D-Max,2020,165519,3,Available
GT3ZFK8GX9C5HJKV3,30C-98488,1,Mercedes-Benz,Sprinter,2020,165618,1,Available
3SG3YK3RUGPXR2FA0,51C-84242,3,Wuling,Cargo EV,2017,388300,3,Maintenance
GSH124P57X4JKFZHH,43C-78454,2,Mitsubishi Fuso,Canter,2019,347228,2,Available
FEJ3YF58TA5CW56PM,51C-36475,1,Hyundai,Solati,2021,214329,3,Available
6HE3LWN1HPEF9RJWT,65H-75070,1,Toyota,HiAce,2019,329677,4,Available
SNLY6B13B7ZJNY06Z,30C-57578,3,Dongfeng,EC35,2021,164578,1,Available
71K5FRL3Y3KC2T17L,43H-21829,1,Ford,Transit,2024,50754,2,Available
W31RABYX3EPXLCFU8,29H-65164,3,VinFast,EC Van,2022,136366,1,Assigned
JZ43GPG586H87YX69,51H-27499,5,Hyundai,Xcient,2023,91864,3,Available
8FVAU274THG83J1NR,30C-21673,5,Hyundai,Xcient,2022,148694,1,Available
9HRJWYCS59PHNPWCV,50C-48036,1,Toyota,HiAce,2021,207092,3,Available
TN9ZE6BFFTMSC0RJL,43C-43247,3,Dongfeng,EC35,2025,24602,2,OutOfService
47URF1T8V7YRGBGSF,65H-90338,2,Hyundai,Mighty EX8,2023,106372,4,Available
D0EMGK414VYH9A2F7,65H-74616,1,Mercedes-Benz,Sprinter,2017,393459,4,Available
7DLAS0SXJYLBXR896,30H-87376,2,Hyundai,Mighty EX8,2016,483958,1,Assigned
PF85C5F2K1YDTR3LZ,65H-22130,1,Hyundai,Solati,2020,154558,4,Available
VP13XRRBMSHZFTXUK,51H-45190,5,Hino,700 Series,2019,296770,3,Available
VV7TTPS03MW2A1S24,43H-48729,3,VinFast,EC Van,2025,14843,2,Available
85GG1W5DUADFSZ58W,51H-54739,1,Hyundai,Solati,2022,129637,3,Available
EADA95GYYRX3GKSSA,65H-21486,2,Hyundai,Mighty EX8,2022,160478,4,Available
V4BAX0951WVKTTWXZ,50C-48644,1,Mercedes-Benz,Sprinter,2021,217837,3,Assigned
PST7M0AKGMHH6MW4Y,65H-94974,2,Hino,500 Series,2021,182798,4,Available
GZCSFFT38THV9MJZF,51C-91506,1,Mercedes-Benz,Sprinter,2023,97219,3,Maintenance
JMMB5JEZUZ07RS4DD,65C-73748,2,Hyundai,Mighty EX8,2021,159425,4,Available
7FKRT1DYME5RP2J3M,65C-36920,5,Hino,700 Series,2017,327632,4,Available
ER768UZ8R20UCMP2R,43H-39908,1,Mercedes-Benz,Sprinter,2020,204343,2,Available
6050LM46XEPY6XXRM,65H-62691,1,Toyota,HiAce,2024,28788,4,Assigned
UUHTLMXA6UJ4LPT14,65H-26515,2,Hyundai,Mighty EX8,2017,440884,4,Available
39V6XUWMK20Z0UJLW,30H-40945,2,Hino,500 Series,2021,101366,1,Assigned
6SRNUWUPJTPR7T94E,29C-65690,1,Mercedes-Benz,Sprinter,2023,60740,1,Available
BFV7D5DNKUDLNKAE2,29H-72043,5,Hino,700 Series,2024,32737,1,Available
M5PVV62S0W2TSRR5L,29C-81766,3,Dongfeng,EC35,2019,308134,1,Assigned
Y50V30VEVGXWBVGS6,43H-46356,5,Scania,R450,2024,47216,2,Available
3XPB5ARP5LJDDFEJC,29H-21094,3,VinFast,EC Van,2019,233950,1,Available
LPLN4DG1WT1NDCSPS,30H-22942,1,Hyundai,Solati,2019,195335,1,Available
YEVR4T2EUFJ88VB38,65C-82706,1,Hyundai,Solati,2022,146830,4,Available
NMXWTB1VKPEEVKRX8,30H-99128,5,Volvo,FMX,2024,56600,1,Available
9MSWAZYAS6ZP602U2,43C-96805,5,Mercedes-Benz,Actros,2025,19834,2,Available
F20AS7RHAK7MCXL0H,30H-60692,1,Mercedes-Benz,Sprinter,2022,116267,1,Available
TFG1ZWFW1E7561K4A,29H-84593,1,Toyota,HiAce,2016,627663,1,OutOfService
R9KZSM26HKPRAGCVA,51C-52336,5,Hino,700 Series,2024,25128,3,Assigned
CXARA374JS844UHCW,43H-50737,3,VinFast,EC Van,2024,37902,2,Available
6Z2C3BXRDBB5PXP52,43H-51062,1,Ford,Transit,2017,315908,2,Available
UWDA0W46ETMSXGEBE,51C-69516,2,Mitsubishi Fuso,Canter,2024,31637,3,Available
LMNAWZBT45PGG62MZ,65C-71541,2,Hyundai,Mighty EX8,2020,281857,4,Available
FR3BHAHHXH18L1GG9,43H-53072,3,Dongfeng,EC35,2024,46997,2,Available
9GKHJF4JGFJD4EY6M,29H-15754,1,Ford,Transit,2018,335450,1,Available
E73GNNW9JBXGU3LB3,51C-25531,2,Hyundai,Mighty EX8,2022,139065,3,Maintenance
T1YTTSLNZ0TJP7WBH,65C-31945,4,Ford,Ranger,2019,201340,4,Available
VECRMWSXRSP3LNFHY,43H-43361,4,Ford,Ranger,2021,198850,2,Available
MVMZJ124GWE50UJ2K,50C-19351,1,Ford,Transit,2023,79850,3,Available
H0GHWVS3MC4R8PR5A,65C-62101,3,Wuling,Cargo EV,2023,51558,4,Available
R12ZKWVBE99V37VNN,43C-64938,4,Isuzu,D-Max,2016,605945,2,Maintenance
FZF4WAG7NGKUSNAL7,43H-22221,1,Mercedes-Benz,Sprinter,2018,369294,2,Available
5L3YFVLG0SG9R4WJL,30C-27030,3,Dongfeng,EC35,2021,118025,1,Available
N45PFXRNY0D0B6F6U,51H-48987,2,Hino,500 Series,2023,87737,3,Available
1T2PFGBAYZSMPGBJ0,50H-20031,1,Toyota,HiAce,2024,51953,3,Available
SKF4XFE1FZAKRF06U,43H-28383,5,Hyundai,Xcient,2017,443767,2,Available
A227NHDP9MGZH634F,51C-88407,1,Ford,Transit,2020,220825,3,Available
DHMFPLNSC3YNCHKW9,29H-66083,1,Hyundai,Solati,2020,189688,1,Available
72EF2Z9YCA7RT1T0A,65H-98853,2,Isuzu,NQR,2019,204836,4,Available
NKFGB7W81LKY2U9YK,29C-28029,5,Scania,R450,2023,81922,1,Available
5UGXCT8B97EFV3GTR,43C-89700,4,Toyota,Hilux,2019,194175,2,Available
RXJ2C9PFRT1243AN5,30H-85552,1,Mercedes-Benz,Sprinter,2018,285265,1,Assigned
LKVSL0G7A51NPPP1N,43H-70771,3,VinFast,EC Van,2022,93029,2,Available
2821M0XNBNPJS7M0A,30C-35457,3,VinFast,EC Van,2025,9078,1,Available
2Y7PW6UGP4JK8YNLP,50C-25300,1,Toyota,HiAce,2019,337849,3,Maintenance
7PL93ACZUY1FN0GG8,29H-37462,5,Hino,700 Series,2023,95140,1,Available
XX5FKNKMWSZDC1AW9,30H-67767,4,Toyota,Hilux,2023,75150,1,Available
N6938YNBMLDS006EW,30H-54112,2,Hyundai,Mighty EX8,2024,56013,1,Maintenance
983AMB3LRXPXCR779,51C-10410,1,Toyota,HiAce,2020,264570,3,Maintenance
TC499S68SUJF80D9A,50C-26759,3,Dongfeng,EC35,2022,163315,3,Maintenance
EU0CZ572WYN01NYV5,43C-97225,1,Hyundai,Solati,2019,247535,2,Assigned
N58WACU49LNZ3UWHP,29C-85083,1,Ford,Transit,2018,309191,1,Available
K154BLTZK4VXHK8B3,30C-88835,2,Hyundai,Mighty EX8,2023,115514,1,Available
K37FANPSMNC0K70VD,50H-61355,5,Scania,R450,2022,76889,3,Available
EZKEH11A0VZ9E8R47,65C-85649,5,Volvo,FMX,2023,89855,4,Available
XPBHTZ8YNZ3Y25YKY,30H-29473,3,VinFast,EC Van,2018,355118,1,Available
VVK13FSYRVDC63G3A,29C-86919,1,Mercedes-Benz,Sprinter,2022,136813,1,Available
6FWFV3EEGFV5B9TMU,65C-96321,2,Mitsubishi Fuso,Canter,2017,519452,4,Available
WZU9MUGD4HGK48WHM,30H-28331,3,Dongfeng,EC35,2017,547934,1,Available
CJRZUC19ZGNY4WPF9,29H-69777,2,Hyundai,Mighty EX8,2019,350333,1,Available
LC72E3KD9H82EU5W3,50H-18645,1,Ford,Transit,2019,319321,3,Available
L1F3Z3V6PWJZ0YEVJ,50C-32380,1,Hyundai,Solati,2022,149621,3,Maintenance
93TKR863L58PLCC18,51C-67535,2,Isuzu,NQR,2022,124820,3,Available
TZZUEAG4ARUM9Y798,51C-72869,1,Mercedes-Benz,Sprinter,2023,51401,3,Available
NEMBTF9MZ455KSJAX,43C-19846,1,Toyota,HiAce,2022,170101,2,Available
MXLMA6GMDTCTFETFY,65H-17536,3,Wuling,Cargo EV,2021,109287,4,Available
4FMRM5GGBP16FGSYJ,29H-96019,1,Mercedes-Benz,Sprinter,2024,42660,1,Available
83EMAZB4RWASKCRX1,65C-24382,2,Isuzu,NQR,2020,244825,4,Available
030TF9WXHEB97RXDB,30C-72114,1,Hyundai,Solati,2025,13105,1,Available
RBDM80J6FAYLKKXRJ,51C-76828,1,Toyota,HiAce,2019,291693,3,Available
1M2UNYGN6E1DW7YG0,29H-57260,1,Ford,Transit,2022,170986,1,Maintenance
EP0624VMNXDRSU83F,43C-15742,1,Hyundai,Solati,2020,264308,2,Available
Z59F1N2PJGFHZ63S0,29H-74884,3,Wuling,Cargo EV,2017,481876,1,Available
HBE67J3YJ4UAMWNC0,29C-79935,1,Hyundai,Solati,2022,92427,1,Available
1KJAY57W0Z8JXWGRL,43H-38741,5,Hino,700 Series,2020,155011,2,Available
6DFG5GT1YAFFPXCCJ,65H-29442,2,Mitsubishi Fuso,Canter,2018,280744,4,Maintenance
NDA47E2J7W3A3U45C,29C-59528,3,Wuling,Cargo EV,2018,416724,1,Available
UJUABUD6PAHHNMK7Z,65C-17323,5,Scania,R450,2020,265542,4,Available
MXD776WFUWZEZK3MD,65C-46937,5,Hyundai,Xcient,2018,248871,4,Maintenance
N02SCW8KC9GNLPZP3,65H-29369,5,Volvo,FMX,2023,69482,4,Available
UHC0U23HCMG5MSED7,51H-79792,4,Toyota,Hilux,2020,284005,3,Available
4BE80NA8N0YC45ANC,51C-37621,4,Toyota,Hilux,2020,177785,3,Available
PM2ZKF6B1TA4Z5V47,65H-71628,2,Isuzu,NQR,2023,111573,4,Available
PBN49WCZSYPNBNPJD,43C-37769,5,Scania,R450,2019,204100,2,Available
W1LVYBJ9VV3BL8AMK,43C-37775,5,Scania,R450,2020,281968,2,Available
D3EWNW5KFS6D063Y2,51H-76005,1,Hyundai,Solati,2025,8190,3,Available
MM5R62NGXCFXT3E5V,43H-27196,3,Wuling,Cargo EV,2022,138588,2,OutOfService
KMCF2JSJ5YEEVB5P5,30C-18934,5,Volvo,FMX,2021,144490,1,Maintenance
B9B30VFDNV5H5ZMSU,43H-99463,1,Hyundai,Solati,2020,248316,2,Assigned
LL9T0SKBFSYLBWN7M,30C-62628,1,Ford,Transit,2024,51014,1,Available
FEKC5RPH6GB6R8KG8,30H-93320,2,Hino,500 Series,2025,18858,1,Available
2WCZXL9711LESE5D9,65C-83519,2,Mitsubishi Fuso,Canter,2020,289505,4,Available
H9PVFNM89WA3A6T50,30C-14782,2,Mitsubishi Fuso,Canter,2024,33239,1,Available
SNVFRKYZX076DC4CA,51C-33044,2,Hyundai,Mighty EX8,2023,105816,3,Maintenance
G2VD58M3S6Y2P82TJ,50H-65134,1,Ford,Transit,2022,135976,3,Available
A34U1LFVRVNXNB7R7,65C-12035,1,Mercedes-Benz,Sprinter,2022,70544,4,Available
TX24XJV8GDRXWA07C,43C-26558,5,Mercedes-Benz,Actros,2021,214662,2,Available
YHG403NJBCEA95D7E,30C-41420,5,Hyundai,Xcient,2022,171920,1,Available
TAC8CZNL63FAFVXB9,29H-23195,1,Ford,Transit,2021,194738,1,OutOfService
XUU2HN6AECZEKGD0Y,51C-35276,2,Hino,500 Series,2018,414431,3,Available
8D3WFG0RRWJLDNGM6,43C-46842,4,Ford,Ranger,2024,41390,2,Assigned
D3RGJHNELAZ0HVLHC,65H-13924,1,Hyundai,Solati,2022,108466,4,Available
3GBTBKDRWWHAA2WAS,30H-51652,1,Hyundai,Solati,2023,59807,1,Available
S4PKLMC2TBK9TY747,30C-19103,3,Wuling,Cargo EV,2024,27563,1,Available
C033UAZB6BBLJZ3N0,51C-32307,1,Toyota,HiAce,2018,304635,3,Maintenance
UWY9L1HJKCV5Y1GC9,30C-78388,2,Hyundai,Mighty EX8,2024,52085,1,Available
2TL80Y4DE7NRXGPCP,30C-87401,1,Mercedes-Benz,Sprinter,2019,207403,1,Available
6GAYRJ7CRETTBJDY1,43C-12174,3,VinFast,EC Van,2018,248094,2,Available
BJDD6VHUK60PNH4ZT,43C-99281,1,Hyundai,Solati,2021,229398,2,Available
5ZFZFLS8YRA96F2AM,50H-50019,1,Hyundai,Solati,2023,62352,3,Available
T12D3MTMVYJS4KMUY,65C-78848,1,Mercedes-Benz,Sprinter,2018,224558,4,Maintenance
5YETJ19M1G8Y85Z6R,43C-63781,4,Ford,Ranger,2022,165448,2,OutOfService
GW04E3V3MDA7EZUKV,43H-50543,2,Hyundai,Mighty EX8,2024,50626,2,Available
ETAM4BE52T8V80E1R,29H-87735,2,Hyundai,Mighty EX8,2016,441471,1,Maintenance
8DJKLVZLWZGEVKCVX,30H-62312,1,Hyundai,Solati,2019,357864,1,Available
70SRPPAV8P1XKJTEU,65H-76036,1,Mercedes-Benz,Sprinter,2017,438037,4,Available
SBB4YMDKSLC1Z1BGE,50H-77896,1,Mercedes-Benz,Sprinter,2018,395657,3,Assigned
ZDAWDDGS4RBEP944V,43H-91744,2,Isuzu,NQR,2020,221498,2,Assigned
4YF1VSKZ8TZN0DPRA,65C-28571,5,Hino,700 Series,2018,258337,4,Available
S0K9M5TM0NCYM0M02,29H-28258,2,Hyundai,Mighty EX8,2016,653035,1,Available
WF0TYJ0WWW4CA1HYT,43H-71833,5,Hyundai,Xcient,2017,520024,2,Available
CJB1RNXAFDREYVGTZ,30H-18437,1,Toyota,HiAce,2018,265612,1,Available
8DBEA2V5MZ81UGG4T,43C-92459,5,Hino,700 Series,2023,75204,2,Available
2KDHWLH87J0C58CV5,65C-26671,4,Toyota,Hilux,2021,198597,4,Maintenance
AMJM2EV17Y5HC8602,51H-95620,2,Hino,500 Series,2021,129065,3,Available
0DTHMS25H7A2GXNZA,65C-45456,3,Wuling,Cargo EV,2023,60563,4,Available
DX6MM7HDAP13UB35J,43C-67403,1,Toyota,HiAce,2021,211891,2,Available
XSECJUT1M7H082KYU,43H-27002,1,Hyundai,Solati,2017,391663,2,Available
GE9H1GN3E90YRDTBK,51H-20282,5,Volvo,FMX,2020,247697,3,Available
NBGGRBLUMAX6763W1,30C-60146,4,Ford,Ranger,2024,50161,1,Available
K9UP02J8S9H6KZK92,43H-98862,4,Ford,Ranger,2023,57486,2,Available
VLJFSRS8S4HB7KXLC,29C-50225,2,Hyundai,Mighty EX8,2020,205670,1,Available
YHYGTRLVH899A45UB,29C-90995,5,Hyundai,Xcient,2018,385239,1,Available
N4PY5EL3MPYS9XFB7,43H-84758,1,Ford,Transit,2021,162122,2,Maintenance
4B0N9CC7HTVVP14UB,51C-59655,1,Hyundai,Solati,2021,233216,3,Available
J2MS1DH16MMT7YWRP,51C-53081,2,Hyundai,Mighty EX8,2019,330796,3,Available
MDPTET6GFRFP20SD5,29H-47602,4,Isuzu,D-Max,2019,286854,1,Assigned
EZHKM4MXD0C787X1R,30H-56447,1,Ford,Transit,2018,358755,1,Assigned
WNYNRTW8DKMV6W4RL,50C-11020,5,Hino,700 Series,2024,58382,3,Available
KDKR6K7917YEG41A6,30C-55527,1,Toyota,HiAce,2021,172943,1,OutOfService
8V1U4KD04RRJ591DM,65C-46941,2,Hino,500 Series,2021,106757,4,Available
1ZCZ6BD0UGV4X8XJW,51H-92657,5,Mercedes-Benz,Actros,2018,307906,3,Maintenance
G5851ACVGFPJNWYSY,30H-27274,1,Mercedes-Benz,Sprinter,2018,269048,1,Available
SDD61K8LYDSLDZ02S,30H-81226,1,Hyundai,Solati,2022,134254,1,Assigned
VLZP3RJBTHXBRH5U2,50H-17969,2,Isuzu,NQR,2016,560469,3,Available
2LM2CBGU94P0KFNPV,50H-21829,3,VinFast,EC Van,2022,72610,3,Available
KH2JJE2YE1JCC02PA,50C-47105,1,Ford,Transit,2021,227113,3,Assigned
TAKGJYSKD8VS6UJAT,43H-65725,2,Mitsubishi Fuso,Canter,2019,338778,2,Available
NVYL39DF5TJEXS0VH,43C-68600,1,Ford,Transit,2021,106525,2,Assigned
JGVTT8HSSV117RCEA,30H-10730,1,Hyundai,Solati,2023,54785,1,Available
3T1VPKRK7ZUXNYEUG,30C-92072,1,Ford,Transit,2016,642393,1,Available
U4APEC9LGZULCSFMV,51C-31527,5,Mercedes-Benz,Actros,2021,155212,3,Available
27VYGWDHFVEUYNV5W,65H-91854,2,Hyundai,Mighty EX8,2020,251716,4,OutOfService
7XESAC9E3RSK2HN20,50C-21971,5,Hyundai,Xcient,2019,180700,3,Available
4VT3ZVRMANSZ1HV98,43H-28728,4,Toyota,Hilux,2024,39018,2,Available
LDNJ7XBKSBZJX9457,50C-86832,1,Ford,Transit,2019,274631,3,OutOfService
X00F5C4DR0L5K5Y1L,50H-13779,2,Mitsubishi Fuso,Canter,2023,63616,3,Available
4ZC4T1CRKGTF14AKM,65H-64575,4,Toyota,Hilux,2024,49002,4,Available
GW823HNC0J4Y6G1EB,65C-21326,2,Mitsubishi Fuso,Canter,2017,540651,4,Assigned
9JRDMM2U4ZF8WFV9R,30C-33214,1,Hyundai,Solati,2021,149347,1,Available
2JSBDYGEWNNWB0X5A,30C-77275,5,Mercedes-Benz,Actros,2022,136029,1,Available
V1RXWZ1SJ0WSPB7H7,51C-71189,1,Ford,Transit,2019,273848,3,Maintenance
FKW0U8VEY3BC3EMPS,43C-77135,1,Hyundai,Solati,2025,18131,2,Available
0FV2AFDVPHSNSJ7NL,29H-21818,1,Hyundai,Solati,2017,361914,1,Maintenance
T1WHX2NM4X17YEGGR,30C-55464,1,Hyundai,Solati,2023,105652,1,Available
FPUD3M1YP3FETZAYZ,43H-65277,5,Mercedes-Benz,Actros,2020,266000,2,Available
049DFP25CA80JTX5R,43H-72068,1,Ford,Transit,2022,175174,2,Available
MK4UFMALXWMB1JCD0,65H-65797,1,Mercedes-Benz,Sprinter,2020,297110,4,Available
LBX03DT0MYKPG101C,30C-20031,1,Mercedes-Benz,Sprinter,2022,101994,1,Maintenance
VH7KZGTBPFKAG2YKS,50C-59051,3,Wuling,Cargo EV,2019,259482,3,Assigned
K04WXLN7AMMRS1G0Z,29C-90135,2,Isuzu,NQR,2016,590188,1,Available
1UL1RSFWXVP21K19N,65C-37204,1,Ford,Transit,2022,143574,4,Available
K5299VMH6K2XYZXXT,65C-84808,1,Ford,Transit,2017,357227,4,Available
KUMSF6NY9PYXEX9W1,43C-62435,1,Mercedes-Benz,Sprinter,2020,257822,2,Maintenance
TG7S0HS0GECBWSZRH,29H-82359,1,Mercedes-Benz,Sprinter,2022,118535,1,Available
ABZ595CPJ0D2YUAS0,50H-19154,2,Hyundai,Mighty EX8,2024,35437,3,Available
D42W30NYEJSJLZS01,51H-26260,1,Ford,Transit,2020,274102,3,Assigned
EKHNMK8FXSRK1ZEKN,51C-28352,1,Hyundai,Solati,2023,83806,3,Available
19PXFMF5LN5TFUF6A,30H-76662,1,Hyundai,Solati,2018,223163,1,Maintenance
TVYA14261MBX8TJ84,29C-56727,1,Toyota,HiAce,2018,379551,1,Available
ZYJZSBXVDG4C6UCHW,50H-33944,1,Mercedes-Benz,Sprinter,2022,102502,3,Available
RSDWWKAR60RYWX19J,50H-25257,2,Hino,500 Series,2020,159150,3,Available
5JKVLR98TL9SFCRL7,51H-44629,1,Hyundai,Solati,2021,234794,3,Available
TLUDKXVFF225XF89Y,50C-50265,2,Isuzu,NQR,2019,208498,3,Assigned
MM1RRNP2P8M392A0G,30C-50138,5,Mercedes-Benz,Actros,2021,179591,1,Assigned
XRKCF08W882N80J9W,43C-38177,1,Hyundai,Solati,2021,200245,2,Available
6C9145WVVRLVYV3ZE,29H-27600,1,Hyundai,Solati,2021,174510,1,Assigned
LHMG9JW7EYR334B9N,51C-34135,4,Isuzu,D-Max,2020,234694,3,Available
CCDVDFT5VSYGCZ3S6,65H-93148,3,Dongfeng,EC35,2023,114488,4,OutOfService
PKXNALE5W2UYG4760,30H-12815,1,Toyota,HiAce,2022,114539,1,Available
MC57YGF9H72A58E8A,29C-80788,1,Hyundai,Solati,2019,186874,1,Maintenance
WE8TWUFG81M9PGCTS,29C-59873,4,Toyota,Hilux,2021,204642,1,Available
84R4K9CYNS8KYLEJV,29H-57237,3,Dongfeng,EC35,2023,102469,1,Available
X4PFUE3ZN72AGPN4X,50H-58719,1,Ford,Transit,2017,510339,3,Available
NWUFA6D9DS95UEWYL,30C-80710,1,Mercedes-Benz,Sprinter,2016,495676,1,Available
GHE8HCDP6DHGYL9ZU,30H-84873,3,Wuling,Cargo EV,2021,125270,1,Available
X39AX4HPAS5G59P9R,50C-60466,4,Toyota,Hilux,2020,238243,3,Available
2SD52J2RAUD94D0EM,51H-73878,1,Hyundai,Solati,2020,188842,3,Available
HA1MWF5U3MH8UNDFX,65C-99204,2,Isuzu,NQR,2020,273930,4,Available
88K696SE7AJVL7X8B,50H-16411,4,Toyota,Hilux,2021,211153,3,Available
G4C8K6E18FRZ2ADLD,51H-87518,1,Toyota,HiAce,2020,181797,3,Available
58B4JXRF05TKUC185,65C-54744,2,Hyundai,Mighty EX8,2023,109554,4,Available
416YLZJMA0TWHRJ94,43C-46726,4,Isuzu,D-Max,2025,18817,2,Available
8HW0W30BYRS5BP31R,50C-25397,2,Mitsubishi Fuso,Canter,2017,328258,3,Maintenance
5J4M9JRBS9J3G2VLP,30C-69850,1,Hyundai,Solati,2017,541348,1,Available
D0YLTGNJ0M3618LDW,65H-50086,4,Toyota,Hilux,2020,281095,4,Maintenance
CW5PJ0UP7D836KVC9,50C-22237,5,Hino,700 Series,2021,204325,3,Available
R3EK85SRV9GGUPV6N,43C-39600,1,Hyundai,Solati,2016,537686,2,Available
M8E59JUE92TSL3W00,43H-80827,5,Mercedes-Benz,Actros,2021,195555,2,Available
WC9ARY6S0CM8KJ6AW,65H-75160,2,Mitsubishi Fuso,Canter,2019,193946,4,Available
H3TP29W59B1W2CCPF,30H-53323,5,Hyundai,Xcient,2019,298518,1,Available
C8V8NPZEMDM06TGPH,51C-53488,3,VinFast,EC Van,2023,53864,3,OutOfService
NF8UANA6V58GXFHM5,50C-99484,2,Hino,500 Series,2021,105347,3,Maintenance
BBU883LKMFU6TW977,50C-68340,2,Mitsubishi Fuso,Canter,2022,171185,3,Maintenance
E8T3BB9S4Y1W4DY7V,51C-57932,2,Mitsubishi Fuso,Canter,2024,29290,3,Assigned
8RRCADVXL9220UB8L,65C-48398,2,Isuzu,NQR,2020,175514,4,Available
NMU4ZRT5TZBHSGHL0,43C-49707,3,Wuling,Cargo EV,2020,152571,2,Available
6Y7LFNH7PFWXJ7Z06,50H-10621,2,Hino,500 Series,2024,38502,3,Available
K63TWXPZRYHYD6TGL,51H-59431,3,Dongfeng,EC35,2021,102681,3,Maintenance
2P6GC4GUBSDBNCZCR,51H-24220,1,Mercedes-Benz,Sprinter,2020,215088,3,Available
BAF5JFS6BN8THXM0A,43C-51670,5,Volvo,FMX,2022,136010,2,Available
ZPUXF7NEDHNV32DHX,51C-24596,4,Ford,Ranger,2022,88790,3,Available
7HTJ9YS6R6HK18NJF,51H-68939,1,Mercedes-Benz,Sprinter,2024,50300,3,Assigned
M8PP1RNMLP0GHGG5Y,30C-92116,1,Ford,Transit,2021,159502,1,Available
SUR685PGM6Y7R8AGV,43H-28524,3,Dongfeng,EC35,2020,220451,2,Available
LJ12TX2UXBDCA75LC,50C-63908,3,VinFast,EC Van,2022,145375,3,Maintenance
6RMFL3F6FD7PVX0K4,51H-86473,1,Toyota,HiAce,2020,157307,3,Available
NFAZ37WG698V696CE,65H-71972,1,Mercedes-Benz,Sprinter,2017,310322,4,Available
W3A6PF5GKU7T6BHLR,30C-56492,1,Toyota,HiAce,2025,15508,1,Available
AVKGSNZJNNT9R0EMJ,50C-91811,1,Mercedes-Benz,Sprinter,2022,113636,3,Available
33DCNF325AA35XFX5,30C-13015,1,Mercedes-Benz,Sprinter,2024,30557,1,Available
G0DRZG0NXG30T0S1W,50C-20637,4,Toyota,Hilux,2022,77361,3,Maintenance
VGE2G51HP4KPYHJMH,43C-81040,1,Ford,Transit,2018,271831,2,Available
M1X3C20A1CW7MZZCJ,50C-74739,4,Ford,Ranger,2023,58474,3,Assigned
9GWBMSS749S6RE1PA,65H-81554,2,Mitsubishi Fuso,Canter,2020,218707,4,Available
WGDNEMANL8VHT0R8F,65C-29796,1,Toyota,HiAce,2020,143656,4,OutOfService
UTHT8XMLXXWUMNZEV,65C-40821,1,Ford,Transit,2025,20620,4,Available
792VWLGELX9HWH4TS,43H-93082,1,Toyota,HiAce,2019,265511,2,Available
681CNG20N2SHAMXV2,30H-88983,2,Isuzu,NQR,2022,80657,1,OutOfService
1G3K3P4AJEAY2CS7E,50H-17938,2,Isuzu,NQR,2023,74667,3,Available
0RFE8E5VNL0VXYPL4,51H-35923,2,Hyundai,Mighty EX8,2018,291710,3,Available
7EDF0DMMCMCPCP3ZV,50H-18372,1,Ford,Transit,2024,28660,3,Available
4HBHHF5TL1ZA2TZ0V,29C-94266,1,Hyundai,Solati,2019,194814,1,Available
HU71KVTFGXMLJDKAW,43C-62059,2,Mitsubishi Fuso,Canter,2016,462271,2,Available
21KZHWLSYH64HAA45,50C-36233,2,Isuzu,NQR,2018,321568,3,Available
VK95JX65X587LNVFB,29H-72937,3,Dongfeng,EC35,2021,202433,1,Available
6KJ763G71ZB7SACH5,43H-14586,1,Hyundai,Solati,2017,409441,2,Available
PNBRSFA6Y8500GJZ8,43C-18540,2,Mitsubishi Fuso,Canter,2017,481351,2,Available
KCN4UN60ULYPWN92E,51C-16198,5,Volvo,FMX,2024,53530,3,Available
LMS15FBT5XWU4F3E3,50H-28040,4,Ford,Ranger,2020,253170,3,Available
A7YFH0MD13VPYNW1Z,29C-85427,5,Hyundai,Xcient,2024,57858,1,OutOfService
EC8HP4UD3ABDG2CJ8,50C-74907,1,Toyota,HiAce,2023,74684,3,Available
X7XWZ9TMJS312PW68,43H-66167,1,Hyundai,Solati,2020,238281,2,Available
DJ4XDNMWSLV0RXDZW,30H-81268,3,Dongfeng,EC35,2023,61380,1,Available
YBW0T6KFKLDF4GTA2,43H-80210,1,Ford,Transit,2021,221419,2,Assigned
038DFE9WAT3R06NUP,51H-39980,3,VinFast,EC Van,2020,198568,3,Available
TJ7EACGGYVVS9YWDB,51H-62602,1,Ford,Transit,2017,368885,3,Available
YWA6E753GSSDNXU3E,50C-78755,1,Mercedes-Benz,Sprinter,2016,451454,3,Available
