AssignmentID,VIN,DriverID,DepotID,StartDate,EndDate,AssignmentStatus
676,030TF9WXHEB97RXDB,103,1,2025-12-21,,Active
675,030TF9WXHEB97RXDB,134,1,2026-04-28,2027-08-16,Completed
876,049DFP25CA80JTX5R,133,2,2021-09-07,2023-06-11,Completed
877,049DFP25CA80JTX5R,196,2,2024-08-30,2025-04-27,Completed
264,0BCFJC47PRPLNDA0C,161,2,2018-07-11,2019-04-28,Completed
265,0BCFJC47PRPLNDA0C,184,2,2025-08-12,2026-03-11,Completed
791,0DTHMS25H7A2GXNZA,147,4,2021-11-27,2022-04-19,Completed
869,0FV2AFDVPHSNSJ7NL,33,1,2021-09-04,2023-04-18,Completed
870,0FV2AFDVPHSNSJ7NL,217,1,2022-04-23,2022-10-08,Completed
871,0FV2AFDVPHSNSJ7NL,22,1,2026-02-13,,Active
236,0KBTG7LAZ64ZECT0D,171,2,2023-06-19,2023-09-23,Completed
237,0KBTG7LAZ64ZECT0D,127,2,2023-09-10,2025-02-02,Completed
365,0LUGZ36M8KB9X4VNW,126,4,2022-12-29,2023-10-19,Completed
364,0LUGZ36M8KB9X4VNW,97,4,2026-02-04,2027-09-17,Completed
278,0MRWHNDG5TPEDSXB2,132,3,2017-11-13,2019-04-03,Completed
277,0MRWHNDG5TPEDSXB2,143,3,2019-03-09,2020-11-25,Completed
10,0PSSSEGW1EC25M2JA,32,4,2020-09-23,2022-02-20,Completed
9,0PSSSEGW1EC25M2JA,214,4,2022-04-05,2023-11-20,Completed
1050,0RFE8E5VNL0VXYPL4,101,3,2018-12-23,2019-05-01,Completed
1051,0RFE8E5VNL0VXYPL4,132,3,2024-09-15,2026-02-28,Completed
269,0TLEYDX6LRXLWVNLR,132,3,2022-07-23,2023-06-30,Completed
407,0WTCULU4R9BB2BD3Z,3,4,2020-07-26,2022-05-03,Completed
406,0WTCULU4R9BB2BD3Z,20,4,2024-03-22,2024-08-16,Completed
428,0XVGZXM7T7NBNSBNY,124,1,2022-11-25,2022-11-30,Cancelled
427,0XVGZXM7T7NBNSBNY,186,1,2024-10-05,2026-08-06,Completed
906,19PXFMF5LN5TFUF6A,28,1,2025-11-29,,Active
456,1BD3TBDJCZ127G6GM,124,1,2017-01-24,2017-11-12,Completed
455,1BD3TBDJCZ127G6GM,111,1,2020-05-28,2022-03-08,Completed
255,1FKJ4ZK1B3D5151VH,94,3,2026-07-04,,Active
1048,1G3K3P4AJEAY2CS7E,132,3,2018-03-17,2020-02-17,Completed
1049,1G3K3P4AJEAY2CS7E,143,3,2019-09-24,2021-07-18,Completed
1047,1G3K3P4AJEAY2CS7E,52,3,2023-05-28,2024-02-12,Completed
689,1KJAY57W0Z8JXWGRL,57,2,2017-11-03,2018-01-13,Completed
690,1KJAY57W0Z8JXWGRL,84,2,2025-09-17,,Active
679,1M2UNYGN6E1DW7YG0,157,1,2018-10-17,2019-03-01,Completed
159,1SYMCUHRGJ4MWVTMZ,101,2,2023-05-28,2024-12-29,Completed
160,1SYMCUHRGJ4MWVTMZ,15,2,2025-08-27,,Active
591,1T2PFGBAYZSMPGBJ0,68,3,2019-06-03,2020-10-04,Completed
593,1T2PFGBAYZSMPGBJ0,56,3,2022-07-26,2023-11-24,Completed
592,1T2PFGBAYZSMPGBJ0,107,3,2024-02-20,2025-06-02,Completed
887,1UL1RSFWXVP21K19N,202,4,2021-02-06,2022-04-23,Completed
886,1UL1RSFWXVP21K19N,211,4,2024-08-29,2025-12-04,Completed
826,1ZCZ6BD0UGV4X8XJW,119,3,2017-05-10,2017-06-20,Completed
825,1ZCZ6BD0UGV4X8XJW,205,3,2022-10-23,2023-08-10,Completed
824,1ZCZ6BD0UGV4X8XJW,150,3,2023-06-12,2024-08-13,Completed
137,20V9JUZFJJEFKK2M8,109,3,2018-07-16,2019-07-17,Completed
136,20V9JUZFJJEFKK2M8,86,3,2022-11-02,2023-02-23,Completed
1059,21KZHWLSYH64HAA45,132,3,2021-02-16,2021-09-22,Completed
1058,21KZHWLSYH64HAA45,71,3,2024-03-08,2025-07-21,Completed
209,22565JYVSFPXZPP6Z,129,1,2021-07-05,2021-08-12,Completed
210,22565JYVSFPXZPP6Z,152,1,2022-03-02,2023-06-04,Completed
845,27VYGWDHFVEUYNV5W,3,4,2025-12-22,,Active
616,2821M0XNBNPJS7M0A,74,1,2017-02-19,2018-08-14,Completed
617,2821M0XNBNPJS7M0A,121,1,2019-03-13,2019-09-21,Completed
284,28DT23XZBNX34SWCJ,218,2,2026-01-21,,Active
282,28DT23XZBNX34SWCJ,95,2,2026-03-05,2027-12-25,Completed
283,28DT23XZBNX34SWCJ,95,2,2026-06-11,2026-10-10,Completed
864,2JSBDYGEWNNWB0X5A,112,1,2018-12-18,2018-12-28,Cancelled
863,2JSBDYGEWNNWB0X5A,92,1,2025-05-10,2026-09-06,Completed
788,2KDHWLH87J0C58CV5,139,4,2019-04-21,2019-05-26,Completed
831,2LM2CBGU94P0KFNPV,147,3,2019-11-24,2020-02-26,Completed
832,2LM2CBGU94P0KFNPV,147,3,2022-10-02,2022-10-03,Cancelled
1001,2P6GC4GUBSDBNCZCR,174,3,2020-07-14,2022-02-25,Completed
1000,2P6GC4GUBSDBNCZCR,174,3,2026-05-09,2028-01-31,Completed
950,2SD52J2RAUD94D0EM,119,3,2018-08-29,2019-02-10,Completed
948,2SD52J2RAUD94D0EM,169,3,2021-03-28,2022-05-26,Completed
949,2SD52J2RAUD94D0EM,63,3,2021-06-25,2022-01-16,Completed
947,2SD52J2RAUD94D0EM,205,3,2026-02-13,2026-07-08,Completed
756,2TL80Y4DE7NRXGPCP,195,1,2019-04-11,2020-07-31,Completed
380,2UHYC7VTWSV4F8CD3,74,4,2019-11-08,2020-08-08,Completed
378,2UHYC7VTWSV4F8CD3,101,4,2022-05-26,2022-07-07,Completed
379,2UHYC7VTWSV4F8CD3,5,4,2024-11-09,2025-12-15,Completed
724,2WCZXL9711LESE5D9,143,4,2021-09-26,2022-06-17,Completed
725,2WCZXL9711LESE5D9,62,4,2025-08-29,2027-05-28,Completed
619,2Y7PW6UGP4JK8YNLP,39,3,2022-11-24,2024-06-15,Completed
618,2Y7PW6UGP4JK8YNLP,174,3,2024-03-28,2025-12-18,Completed
1027,33DCNF325AA35XFX5,128,1,2024-07-19,2026-07-06,Completed
246,34L2W0MRDYAMX3VND,176,2,2018-01-31,2018-07-10,Completed
245,34L2W0MRDYAMX3VND,51,2,2022-09-28,2023-05-06,Completed
247,34L2W0MRDYAMX3VND,84,2,2024-01-06,2024-11-01,Completed
531,39V6XUWMK20Z0UJLW,34,1,2017-05-04,2017-10-26,Completed
532,39V6XUWMK20Z0UJLW,3,1,2022-07-31,2022-12-26,Completed
329,3F4ZW6WK1WCB2M3P5,67,1,2017-04-02,2018-09-16,Completed
328,3F4ZW6WK1WCB2M3P5,58,1,2019-07-10,2021-03-09,Completed
747,3GBTBKDRWWHAA2WAS,43,1,2026-04-06,,Active
274,3M36A6RHTKEFW3YPL,167,2,2025-11-07,,Active
478,3SG3YK3RUGPXR2FA0,147,3,2021-06-27,2023-04-13,Completed
841,3T1VPKRK7ZUXNYEUG,146,1,2018-08-10,2019-07-06,Completed
842,3T1VPKRK7ZUXNYEUG,99,1,2018-10-10,2020-04-27,Completed
543,3XPB5ARP5LJDDFEJC,74,1,2017-03-19,2018-09-15,Completed
544,3XPB5ARP5LJDDFEJC,74,1,2021-07-30,2021-09-08,Completed
131,3ZC1MDHCWXW8LX2RH,121,1,2024-10-15,2026-07-30,Completed
132,3ZC1MDHCWXW8LX2RH,220,1,2025-10-26,,Active
82,3ZKCBRSGXL0159ENV,159,3,2023-11-27,2025-08-02,Completed
80,3ZKCBRSGXL0159ENV,107,3,2024-04-21,2024-09-12,Completed
81,3ZKCBRSGXL0159ENV,188,3,2025-03-09,2025-08-07,Completed
961,416YLZJMA0TWHRJ94,51,2,2025-08-30,,Active
358,424CSE5LPGGBV9UC0,148,2,2022-07-15,2023-11-24,Completed
458,42U08F1A0775S0GZD,189,4,2018-04-09,2019-02-16,Completed
457,42U08F1A0775S0GZD,211,4,2022-01-03,2022-02-19,Completed
503,47URF1T8V7YRGBGSF,138,4,2026-01-08,,Active
502,47URF1T8V7YRGBGSF,5,4,2026-04-17,2027-11-10,Completed
810,4B0N9CC7HTVVP14UB,166,3,2017-06-12,2018-09-17,Completed
811,4B0N9CC7HTVVP14UB,59,3,2021-05-16,2022-02-27,Completed
812,4B0N9CC7HTVVP14UB,164,3,2025-01-02,2025-03-19,Completed
232,4BDREJ0GZAPDUX0P6,55,1,2021-11-29,2022-04-16,Completed
234,4BDREJ0GZAPDUX0P6,6,1,2023-11-21,2024-07-15,Completed
235,4BDREJ0GZAPDUX0P6,146,1,2026-05-04,2026-05-14,Cancelled
233,4BDREJ0GZAPDUX0P6,186,1,2026-05-19,2027-03-22,Completed
705,4BE80NA8N0YC45ANC,63,3,2018-09-12,2019-08-28,Completed
707,4BE80NA8N0YC45ANC,205,3,2019-03-10,2019-06-05,Completed
706,4BE80NA8N0YC45ANC,197,3,2025-05-26,2027-03-02,Completed
672,4FMRM5GGBP16FGSYJ,48,1,2017-01-12,2017-11-09,Completed
671,4FMRM5GGBP16FGSYJ,67,1,2024-12-27,2026-01-25,Completed
122,4H0ATNXZXSTAVAUK9,49,4,2021-06-24,2023-03-12,Completed
123,4H0ATNXZXSTAVAUK9,82,4,2021-11-25,2023-07-22,Completed
1054,4HBHHF5TL1ZA2TZ0V,129,1,2016-09-13,2018-05-25,Completed
445,4KWT1H3FKYYEYKF6Y,137,2,2017-01-14,2017-03-22,Completed
446,4KWT1H3FKYYEYKF6Y,184,2,2023-08-24,2023-08-26,Cancelled
383,4M55H0PLNNUYSGN74,64,4,2019-03-22,2020-02-05,Completed
384,4M55H0PLNNUYSGN74,85,4,2025-08-29,,Active
263,4N3RB6GT8F8UACZ25,156,3,2026-04-02,,Active
138,4N5RR4YWKWZSFPL1X,132,3,2021-04-28,2022-02-20,Completed
140,4N5RR4YWKWZSFPL1X,14,3,2025-10-26,,Active
139,4N5RR4YWKWZSFPL1X,132,3,2026-05-09,2026-09-17,Completed
850,4VT3ZVRMANSZ1HV98,201,2,2019-12-21,2021-08-08,Completed
851,4VT3ZVRMANSZ1HV98,178,2,2025-03-31,2026-05-11,Completed
852,4VT3ZVRMANSZ1HV98,178,2,2026-01-02,,Active
778,4YF1VSKZ8TZN0DPRA,199,4,2025-11-11,,Active
857,4ZC4T1CRKGTF14AKM,126,4,2018-12-01,2019-01-11,Completed
858,4ZC4T1CRKGTF14AKM,126,4,2022-04-02,2022-06-12,Completed
430,5012L6TPBNRT4SU46,3,4,2018-05-01,2019-08-05,Completed
429,5012L6TPBNRT4SU46,143,4,2026-01-07,2026-10-29,Completed
75,507Y3TEGE3AVN3VXC,126,4,2025-11-30,2026-04-03,Completed
74,507Y3TEGE3AVN3VXC,38,4,2026-07-18,2026-10-04,Completed
279,50R7S2M364WRJ27CW,51,2,2019-08-07,2019-10-06,Completed
280,50R7S2M364WRJ27CW,137,2,2024-12-28,2025-10-03,Completed
21,52971462H3HGJ12ZE,24,3,2019-02-04,2020-09-27,Completed
22,52971462H3HGJ12ZE,75,3,2026-06-02,,Active
959,58B4JXRF05TKUC185,101,4,2021-06-24,2023-01-09,Completed
960,58B4JXRF05TKUC185,185,4,2026-05-04,,Active
156,5C5D3G1Z5XRX233VU,191,3,2019-01-09,2019-01-19,Cancelled
155,5C5D3G1Z5XRX233VU,59,3,2019-09-03,2021-04-28,Completed
213,5GBBBMGNSP7ZHTR8S,112,1,2025-01-17,2025-06-14,Completed
214,5GBBBMGNSP7ZHTR8S,163,1,2026-05-17,,Active
317,5GTDV4YU0JNWC7GT6,115,1,2019-10-15,2021-05-15,Completed
316,5GTDV4YU0JNWC7GT6,130,1,2026-04-24,2027-03-12,Completed
964,5J4M9JRBS9J3G2VLP,69,1,2020-12-12,2021-01-30,Completed
965,5J4M9JRBS9J3G2VLP,61,1,2024-09-25,2025-04-02,Completed
914,5JKVLR98TL9SFCRL7,151,3,2017-08-24,2018-12-16,Completed
915,5JKVLR98TL9SFCRL7,36,3,2018-12-08,2019-09-28,Completed
587,5L3YFVLG0SG9R4WJL,121,1,2021-08-13,2022-02-24,Completed
588,5L3YFVLG0SG9R4WJL,74,1,2021-10-19,2022-12-26,Completed
586,5L3YFVLG0SG9R4WJL,74,1,2022-03-01,2023-04-27,Completed
239,5MZRD56AEYL68J1NM,211,4,2018-07-18,2019-04-13,Completed
238,5MZRD56AEYL68J1NM,85,4,2021-07-05,2022-08-06,Completed
367,5N4KUFNBGDT36FMS5,10,3,2018-10-05,2018-10-19,Cancelled
366,5N4KUFNBGDT36FMS5,46,3,2022-03-05,2022-05-25,Completed
610,5UGXCT8B97EFV3GTR,52,2,2017-09-23,2018-12-25,Completed
609,5UGXCT8B97EFV3GTR,133,2,2018-09-25,2019-03-22,Completed
242,5UZXR0SYYE46XA7TS,206,2,2022-02-10,2022-03-24,Completed
765,5YETJ19M1G8Y85Z6R,131,2,2025-11-29,,Active
212,5Z9HK12L1WCR7PSUN,20,2,2016-09-19,2017-07-11,Completed
211,5Z9HK12L1WCR7PSUN,71,2,2018-08-17,2020-02-19,Completed
762,5ZFZFLS8YRA96F2AM,10,3,2022-05-16,2024-03-28,Completed
763,5ZFZFLS8YRA96F2AM,76,3,2026-03-23,,Active
528,6050LM46XEPY6XXRM,12,4,2026-05-12,,Active
527,6050LM46XEPY6XXRM,219,4,2026-06-26,2026-08-15,Completed
86,612NPVGVCT2K9ZD9N,76,3,2020-03-30,2021-10-23,Completed
85,612NPVGVCT2K9ZD9N,107,3,2025-12-18,2026-02-17,Completed
311,65HDXLFKD3AB2SWNC,108,3,2024-06-16,2025-07-18,Completed
312,65HDXLFKD3AB2SWNC,164,3,2026-06-17,2026-08-23,Completed
439,6819Z317MDSBZDAXH,74,1,2019-02-03,2019-02-18,Cancelled
438,6819Z317MDSBZDAXH,74,1,2025-04-26,2025-10-06,Completed
1046,681CNG20N2SHAMXV2,130,1,2018-01-22,2018-06-24,Completed
1045,681CNG20N2SHAMXV2,62,1,2022-03-01,2022-12-09,Completed
1044,681CNG20N2SHAMXV2,143,1,2025-05-08,2025-06-13,Completed
231,69M6MG87PH0E1WFNY,208,1,2025-08-30,,Active
925,6C9145WVVRLVYV3ZE,61,1,2019-07-14,2019-12-07,Completed
926,6C9145WVVRLVYV3ZE,110,1,2026-01-25,,Active
692,6DFG5GT1YAFFPXCCJ,183,4,2017-11-05,2018-03-31,Completed
691,6DFG5GT1YAFFPXCCJ,101,4,2021-12-23,2023-01-09,Completed
693,6DFG5GT1YAFFPXCCJ,52,4,2024-03-29,2025-04-08,Completed
694,6DFG5GT1YAFFPXCCJ,114,4,2024-07-05,2024-09-07,Completed
403,6EY7YJ06VU8TR422U,200,3,2020-08-16,2020-11-25,Completed
98,6F79PT7875AVD9K9U,183,4,2021-11-25,2021-12-07,Cancelled
97,6F79PT7875AVD9K9U,82,4,2023-11-05,2024-11-03,Completed
646,6FWFV3EEGFV5B9TMU,20,4,2018-09-03,2019-05-04,Completed
647,6FWFV3EEGFV5B9TMU,11,4,2018-11-23,2020-04-05,Completed
758,6GAYRJ7CRETTBJDY1,147,2,2023-08-28,2024-03-21,Completed
757,6GAYRJ7CRETTBJDY1,95,2,2024-01-24,2024-07-10,Completed
759,6GAYRJ7CRETTBJDY1,95,2,2026-02-04,,Active
485,6HE3LWN1HPEF9RJWT,219,4,2024-05-12,2026-02-07,Completed
310,6JNA90N9J9G1DYGN8,152,1,2023-02-16,2023-08-02,Completed
309,6JNA90N9J9G1DYGN8,179,1,2025-03-18,2026-02-18,Completed
431,6K8DK0T5UXK8UEMRY,102,3,2025-05-12,2025-11-25,Completed
1064,6KJ763G71ZB7SACH5,207,2,2016-10-12,2016-10-19,Cancelled
1063,6KJ763G71ZB7SACH5,196,2,2026-05-01,2027-08-28,Completed
67,6N9TT7U30CW4VLCYL,56,3,2017-11-01,2018-05-24,Completed
66,6N9TT7U30CW4VLCYL,56,3,2024-02-18,2024-09-20,Completed
349,6R2X40P7VUY0BDS55,32,3,2023-03-01,2024-01-23,Completed
1018,6RMFL3F6FD7PVX0K4,209,3,2018-05-30,2018-06-02,Cancelled
1017,6RMFL3F6FD7PVX0K4,59,3,2026-04-01,2028-02-28,Completed
535,6SRNUWUPJTPR7T94E,111,1,2019-07-25,2020-12-27,Completed
534,6SRNUWUPJTPR7T94E,194,1,2022-05-06,2022-10-31,Completed
533,6SRNUWUPJTPR7T94E,217,1,2025-11-15,2026-10-16,Completed
336,6UJBGZJS8CYY7MDK6,36,3,2019-04-15,2020-02-24,Completed
337,6UJBGZJS8CYY7MDK6,120,3,2022-10-11,2023-08-12,Completed
338,6UJBGZJS8CYY7MDK6,119,3,2022-12-05,2024-04-07,Completed
390,6VLM9KFZWL2JXWVYK,34,3,2017-03-24,2018-12-24,Completed
389,6VLM9KFZWL2JXWVYK,132,3,2025-07-17,2027-06-15,Completed
995,6Y7LFNH7PFWXJ7Z06,130,3,2021-06-21,2022-10-28,Completed
343,6YCN8XXHHF97LUGEU,189,4,2017-06-23,2017-08-01,Completed
344,6YCN8XXHHF97LUGEU,98,4,2022-04-12,2022-10-29,Completed
261,6YLK8XSV1YDMHY7JB,183,4,2017-11-19,2018-05-15,Completed
260,6YLK8XSV1YDMHY7JB,183,4,2019-06-12,2019-10-21,Completed
262,6YLK8XSV1YDMHY7JB,183,4,2025-04-09,2026-08-28,Completed
562,6Z2C3BXRDBB5PXP52,137,2,2021-03-26,2022-07-28,Completed
773,70SRPPAV8P1XKJTEU,97,4,2018-05-23,2019-04-12,Completed
774,70SRPPAV8P1XKJTEU,118,4,2022-01-05,2023-10-05,Completed
772,70SRPPAV8P1XKJTEU,189,4,2026-02-20,2026-12-27,Completed
488,71K5FRL3Y3KC2T17L,207,2,2025-02-01,2026-07-02,Completed
602,72EF2Z9YCA7RT1T0A,183,4,2022-10-07,2023-08-02,Completed
601,72EF2Z9YCA7RT1T0A,183,4,2023-07-01,2024-09-19,Completed
603,72EF2Z9YCA7RT1T0A,143,4,2025-04-25,2025-05-04,Cancelled
345,77LV8DL6026PPR767,201,2,2017-09-15,2018-03-15,Completed
1042,792VWLGELX9HWH4TS,207,2,2023-06-26,2024-10-08,Completed
1043,792VWLGELX9HWH4TS,206,2,2023-11-11,2023-11-14,Cancelled
157,795E5J042ZTWJPRX6,118,4,2026-03-21,2026-07-20,Completed
158,795E5J042ZTWJPRX6,91,4,2026-04-12,,Active
13,7AE59C2JXPCLZU8X6,77,1,2025-10-18,,Active
453,7DEAMZER9U9FL1DEZ,9,3,2017-12-22,2018-05-14,Completed
454,7DEAMZER9U9FL1DEZ,46,3,2022-12-18,2024-10-30,Completed
452,7DEAMZER9U9FL1DEZ,159,3,2023-02-26,2024-10-08,Completed
505,7DLAS0SXJYLBXR896,11,1,2018-01-15,2019-06-11,Completed
506,7DLAS0SXJYLBXR896,213,1,2026-02-19,,Active
1053,7EDF0DMMCMCPCP3ZV,159,3,2020-10-21,2021-11-13,Completed
1052,7EDF0DMMCMCPCP3ZV,120,3,2022-02-02,2022-08-24,Completed
522,7FKRT1DYME5RP2J3M,118,4,2022-08-29,2023-11-06,Completed
129,7H6ZVJ7ZKUYF5AGE4,183,4,2019-03-21,2019-07-02,Completed
128,7H6ZVJ7ZKUYF5AGE4,183,4,2020-03-15,2020-10-14,Completed
130,7H6ZVJ7ZKUYF5AGE4,82,4,2026-04-12,,Active
1007,7HTJ9YS6R6HK18NJF,23,3,2019-07-30,2020-05-15,Completed
1006,7HTJ9YS6R6HK18NJF,36,3,2023-09-11,2023-10-23,Completed
286,7M8KXG7VJPDCK8385,136,3,2026-04-06,,Active
248,7NS20DP74W2RY8ETU,183,4,2018-05-21,2019-03-15,Completed
249,7NS20DP74W2RY8ETU,183,4,2020-09-21,2022-08-22,Completed
250,7NS20DP74W2RY8ETU,49,4,2026-01-16,,Active
620,7PL93ACZUY1FN0GG8,69,1,2022-11-30,2024-05-01,Completed
621,7PL93ACZUY1FN0GG8,96,1,2026-01-19,,Active
117,7V2NUMJTTD9S47NPV,96,1,2018-08-31,2019-07-24,Completed
116,7V2NUMJTTD9S47NPV,60,1,2022-03-12,2022-07-07,Completed
115,7V2NUMJTTD9S47NPV,203,1,2026-02-21,2026-09-06,Completed
849,7XESAC9E3RSK2HN20,8,3,2019-01-15,2020-03-17,Completed
846,7XESAC9E3RSK2HN20,109,3,2022-05-10,2023-08-08,Completed
848,7XESAC9E3RSK2HN20,197,3,2022-10-21,2024-03-12,Completed
847,7XESAC9E3RSK2HN20,68,3,2026-01-28,2027-04-27,Completed
673,83EMAZB4RWASKCRX1,130,4,2022-09-22,2024-06-13,Completed
674,83EMAZB4RWASKCRX1,71,4,2026-01-04,2026-02-03,Completed
938,84R4K9CYNS8KYLEJV,74,1,2020-05-30,2021-08-27,Completed
511,85GG1W5DUADFSZ58W,205,3,2025-03-20,2026-12-12,Completed
201,86TNVDS5YZFC4KL8C,206,2,2023-04-24,2024-07-19,Completed
953,88K696SE7AJVL7X8B,35,3,2023-01-17,2023-08-14,Completed
952,88K696SE7AJVL7X8B,86,3,2025-10-29,2027-03-10,Completed
742,8D3WFG0RRWJLDNGM6,161,2,2026-01-08,,Active
787,8DBEA2V5MZ81UGG4T,127,2,2025-11-04,,Active
770,8DJKLVZLWZGEVKCVX,92,1,2022-11-21,2023-06-23,Completed
771,8DJKLVZLWZGEVKCVX,186,1,2025-05-06,2025-11-25,Completed
495,8FVAU274THG83J1NR,69,1,2019-01-11,2020-02-08,Completed
496,8FVAU274THG83J1NR,203,1,2021-07-16,2023-05-08,Completed
497,8FVAU274THG83J1NR,6,1,2026-01-13,,Active
962,8HW0W30BYRS5BP31R,114,3,2022-06-24,2023-05-25,Completed
963,8HW0W30BYRS5BP31R,20,3,2024-02-10,2025-03-28,Completed
991,8RRCADVXL9220UB8L,183,4,2023-07-05,2023-12-20,Completed
992,8RRCADVXL9220UB8L,183,4,2024-09-04,2025-06-23,Completed
993,8RRCADVXL9220UB8L,11,4,2024-09-15,2025-11-15,Completed
823,8V1U4KD04RRJ591DM,34,4,2022-10-22,2023-10-30,Completed
289,8Z7TG15GGJXFD7ZYX,205,3,2019-02-26,2019-12-12,Completed
14,920DFKALBMRJPZFFX,14,3,2017-10-02,2017-11-01,Completed
16,920DFKALBMRJPZFFX,14,3,2020-02-10,2021-04-14,Completed
15,920DFKALBMRJPZFFX,132,3,2026-01-05,2026-03-23,Completed
17,920DFKALBMRJPZFFX,132,3,2026-07-24,2028-04-20,Completed
659,93TKR863L58PLCC18,5,3,2021-09-08,2022-02-15,Completed
660,93TKR863L58PLCC18,7,3,2026-06-26,,Active
628,983AMB3LRXPXCR779,68,3,2021-12-07,2023-05-24,Completed
626,983AMB3LRXPXCR779,191,3,2022-10-30,2023-12-13,Completed
627,983AMB3LRXPXCR779,120,3,2023-05-11,2024-10-23,Completed
68,98CYM3Z8EX2BC2NNV,120,3,2017-12-17,2018-06-08,Completed
69,98CYM3Z8EX2BC2NNV,109,3,2022-01-24,2022-06-21,Completed
177,9921V3E7AUXZAM2N1,172,3,2017-06-24,2018-02-19,Completed
176,9921V3E7AUXZAM2N1,120,3,2018-01-11,2019-08-07,Completed
178,9921V3E7AUXZAM2N1,164,3,2019-03-26,2020-06-09,Completed
179,9921V3E7AUXZAM2N1,68,3,2019-04-07,2019-04-09,Cancelled
571,9GKHJF4JGFJD4EY6M,145,1,2026-02-08,,Active
1034,9GWBMSS749S6RE1PA,101,4,2020-12-17,2020-12-26,Cancelled
1033,9GWBMSS749S6RE1PA,192,4,2024-05-23,2024-10-04,Completed
498,9HRJWYCS59PHNPWCV,86,3,2016-08-11,2018-06-23,Completed
499,9HRJWYCS59PHNPWCV,172,3,2026-03-26,,Active
861,9JRDMM2U4ZF8WFV9R,173,1,2024-05-11,2024-07-14,Completed
862,9JRDMM2U4ZF8WFV9R,146,1,2025-09-26,,Active
550,9MSWAZYAS6ZP602U2,196,2,2021-11-10,2023-01-11,Completed
549,9MSWAZYAS6ZP602U2,178,2,2021-12-15,2023-01-22,Completed
162,9R976K55DMCYYBX01,8,3,2017-02-08,2019-01-28,Completed
161,9R976K55DMCYYBX01,8,3,2018-12-31,2020-12-14,Completed
145,9SK7C41MM2UMD0RCB,177,1,2017-01-12,2018-05-01,Completed
144,9SK7C41MM2UMD0RCB,62,1,2026-01-21,2027-08-14,Completed
598,A227NHDP9MGZH634F,151,3,2021-04-04,2021-09-22,Completed
596,A227NHDP9MGZH634F,23,3,2022-08-01,2023-08-12,Completed
597,A227NHDP9MGZH634F,35,3,2023-12-26,2025-08-08,Completed
732,A34U1LFVRVNXNB7R7,211,4,2022-04-30,2024-04-11,Completed
1073,A7YFH0MD13VPYNW1Z,112,1,2019-04-21,2019-08-09,Completed
1072,A7YFH0MD13VPYNW1Z,157,1,2021-10-21,2023-05-25,Completed
1074,A7YFH0MD13VPYNW1Z,99,1,2023-06-26,2024-07-20,Completed
1075,A7YFH0MD13VPYNW1Z,92,1,2025-02-18,2025-12-06,Completed
897,ABZ595CPJ0D2YUAS0,71,3,2019-02-06,2020-07-22,Completed
898,ABZ595CPJ0D2YUAS0,132,3,2020-09-14,2021-12-16,Completed
896,ABZ595CPJ0D2YUAS0,20,3,2023-01-20,2025-01-08,Completed
62,AHE8XP2HEHYXC4TUX,151,3,2023-06-02,2023-06-10,Cancelled
61,AHE8XP2HEHYXC4TUX,150,3,2024-09-25,2025-03-20,Completed
163,AMD5ZSHC3DNKN35YZ,113,1,2018-02-23,2018-07-27,Completed
164,AMD5ZSHC3DNKN35YZ,45,1,2025-08-11,2027-05-01,Completed
789,AMJM2EV17Y5HC8602,171,3,2022-02-26,2022-04-18,Completed
790,AMJM2EV17Y5HC8602,132,3,2026-05-31,2028-05-04,Completed
422,AR5JRH7876PB91TRP,99,1,2019-05-05,2019-10-29,Completed
421,AR5JRH7876PB91TRP,116,1,2023-09-16,2023-12-02,Completed
420,AR5JRH7876PB91TRP,43,1,2025-07-23,2026-07-07,Completed
376,ASMSF2WED33LY3UPP,61,1,2019-08-27,2020-02-26,Completed
377,ASMSF2WED33LY3UPP,22,1,2020-03-24,2021-01-14,Completed
26,AUSZZW48DHA6V7HC4,16,3,2018-10-18,2020-03-22,Completed
25,AUSZZW48DHA6V7HC4,150,3,2019-01-18,2020-09-22,Completed
24,AUSZZW48DHA6V7HC4,86,3,2021-04-20,2022-08-05,Completed
1025,AVKGSNZJNNT9R0EMJ,191,3,2018-11-13,2020-09-23,Completed
1026,AVKGSNZJNNT9R0EMJ,191,3,2025-03-01,2025-08-13,Completed
87,B03UE6E7LNX4WTTTV,85,4,2023-11-26,2024-03-05,Completed
88,B03UE6E7LNX4WTTTV,187,4,2024-04-07,2026-02-25,Completed
256,B1G55RHX0NW1G0GR9,62,1,2021-11-11,2022-09-15,Completed
257,B1G55RHX0NW1G0GR9,34,1,2022-05-12,2022-11-21,Completed
216,B52HHHGYT58ZSEF3H,10,3,2019-07-29,2021-04-07,Completed
215,B52HHHGYT58ZSEF3H,59,3,2023-11-29,2024-08-01,Completed
166,B68TDTWU997E5VNZ2,95,2,2022-12-26,2022-12-31,Cancelled
143,B803W7DJYFXVYY8L3,80,2,2026-05-25,,Active
718,B9B30VFDNV5H5ZMSU,20,2,2019-12-04,2020-05-13,Completed
719,B9B30VFDNV5H5ZMSU,57,2,2026-04-03,,Active
1002,BAF5JFS6BN8THXM0A,133,2,2025-09-09,2027-04-28,Completed
1003,BAF5JFS6BN8THXM0A,201,2,2026-05-13,,Active
988,BBU883LKMFU6TW977,171,3,2016-09-03,2016-09-10,Cancelled
987,BBU883LKMFU6TW977,71,3,2018-12-04,2020-09-12,Completed
538,BFV7D5DNKUDLNKAE2,179,1,2019-09-08,2021-03-26,Completed
536,BFV7D5DNKUDLNKAE2,99,1,2024-06-28,2025-02-15,Completed
537,BFV7D5DNKUDLNKAE2,128,1,2024-09-22,2024-12-08,Completed
539,BFV7D5DNKUDLNKAE2,113,1,2026-06-11,,Active
180,BH4P6S1WTYPWCYEK5,199,4,2017-06-07,2018-12-10,Completed
181,BH4P6S1WTYPWCYEK5,187,4,2017-12-21,2019-08-24,Completed
154,BHK2V2TTVJU9U12RH,49,4,2016-09-08,2016-11-25,Completed
153,BHK2V2TTVJU9U12RH,49,4,2022-07-23,2022-12-07,Completed
761,BJDD6VHUK60PNH4ZT,101,2,2020-01-21,2020-08-10,Completed
760,BJDD6VHUK60PNH4ZT,206,2,2024-06-26,2024-12-01,Completed
752,C033UAZB6BBLJZ3N0,46,3,2021-08-24,2022-07-01,Completed
751,C033UAZB6BBLJZ3N0,150,3,2023-06-30,2024-05-21,Completed
753,C033UAZB6BBLJZ3N0,9,3,2026-01-23,,Active
267,C2RPYSUEN3V8EZ731,209,3,2019-11-19,2020-10-10,Completed
266,C2RPYSUEN3V8EZ731,72,3,2025-04-05,2026-03-06,Completed
441,C5Z89PTWTBZP0RNAM,169,3,2018-02-22,2018-12-25,Completed
440,C5Z89PTWTBZP0RNAM,140,3,2024-01-11,2025-04-03,Completed
984,C8V8NPZEMDM06TGPH,121,3,2022-03-16,2023-05-29,Completed
983,C8V8NPZEMDM06TGPH,74,3,2023-08-14,2024-05-24,Completed
931,CCDVDFT5VSYGCZ3S6,147,4,2021-01-30,2022-06-03,Completed
930,CCDVDFT5VSYGCZ3S6,147,4,2022-08-12,2023-08-13,Completed
929,CCDVDFT5VSYGCZ3S6,147,4,2025-11-17,2027-10-17,Completed
133,CF0X1LDALMJEGRVPA,138,1,2018-06-05,2018-09-18,Completed
134,CF0X1LDALMJEGRVPA,134,1,2022-07-17,2023-01-03,Completed
135,CF0X1LDALMJEGRVPA,103,1,2026-01-18,2026-08-28,Completed
785,CJB1RNXAFDREYVGTZ,58,1,2023-02-14,2024-03-29,Completed
786,CJB1RNXAFDREYVGTZ,110,1,2023-09-13,2024-04-11,Completed
650,CJRZUC19ZGNY4WPF9,34,1,2019-07-10,2020-05-20,Completed
651,CJRZUC19ZGNY4WPF9,3,1,2024-02-27,2024-11-30,Completed
649,CJRZUC19ZGNY4WPF9,185,1,2024-04-10,2024-10-20,Completed
207,CNU8Z7VHKP5BVUV9E,102,3,2018-12-02,2018-12-03,Cancelled
114,CRNU4BNWBC3WZHG6L,171,2,2026-02-20,2026-11-16,Completed
113,CRNU4BNWBC3WZHG6L,100,2,2026-07-25,2027-04-14,Completed
972,CW5PJ0UP7D836KVC9,109,3,2018-12-02,2019-10-28,Completed
971,CW5PJ0UP7D836KVC9,197,3,2021-03-16,2022-05-05,Completed
970,CW5PJ0UP7D836KVC9,23,3,2026-02-23,2026-12-05,Completed
560,CXARA374JS844UHCW,32,2,2017-05-26,2018-03-04,Completed
561,CXARA374JS844UHCW,147,2,2022-03-26,2022-08-16,Completed
559,CXARA374JS844UHCW,95,2,2022-08-29,2023-08-21,Completed
208,CZG4EWL03CVV5U7A0,219,4,2020-12-06,2021-05-23,Completed
504,D0EMGK414VYH9A2F7,139,4,2019-10-09,2021-02-04,Completed
967,D0YLTGNJ0M3618LDW,38,4,2020-01-09,2020-02-17,Completed
966,D0YLTGNJ0M3618LDW,105,4,2020-03-23,2021-04-29,Completed
969,D0YLTGNJ0M3618LDW,187,4,2021-03-13,2022-05-31,Completed
968,D0YLTGNJ0M3618LDW,44,4,2025-09-30,2027-05-17,Completed
712,D3EWNW5KFS6D063Y2,35,3,2020-06-03,2022-04-20,Completed
713,D3EWNW5KFS6D063Y2,109,3,2022-06-22,2024-02-21,Completed
714,D3EWNW5KFS6D063Y2,23,3,2025-05-31,2025-06-06,Cancelled
743,D3RGJHNELAZ0HVLHC,187,4,2017-02-06,2018-09-14,Completed
746,D3RGJHNELAZ0HVLHC,219,4,2021-07-06,2023-03-16,Completed
744,D3RGJHNELAZ0HVLHC,139,4,2025-01-21,2026-07-09,Completed
745,D3RGJHNELAZ0HVLHC,97,4,2025-11-13,2027-02-27,Completed
899,D42W30NYEJSJLZS01,56,3,2017-02-14,2017-11-09,Completed
900,D42W30NYEJSJLZS01,169,3,2026-04-29,2026-08-29,Completed
901,D42W30NYEJSJLZS01,181,3,2026-04-30,,Active
189,D43E8B7R0TNRM6KRE,108,3,2020-04-02,2021-04-09,Completed
188,D43E8B7R0TNRM6KRE,26,3,2021-03-26,2023-03-07,Completed
187,D43E8B7R0TNRM6KRE,76,3,2023-08-19,2024-07-12,Completed
186,D43E8B7R0TNRM6KRE,35,3,2024-02-08,2025-03-19,Completed
34,D5EM3WAJEPDCRMWRH,102,3,2022-09-06,2023-08-04,Completed
30,D6ERZ18P1FPDTP8BN,57,2,2018-06-16,2020-05-04,Completed
29,D6ERZ18P1FPDTP8BN,161,2,2019-07-22,2020-12-16,Completed
28,D6ERZ18P1FPDTP8BN,178,2,2020-11-06,2021-04-06,Completed
27,D6ERZ18P1FPDTP8BN,210,2,2025-10-10,2025-11-28,Completed
372,D8VDUVJ83VFL6UBA6,99,1,2022-09-28,2023-02-03,Completed
371,D8VDUVJ83VFL6UBA6,158,1,2025-03-27,2026-07-26,Completed
373,D8VDUVJ83VFL6UBA6,158,1,2025-08-07,,Active
436,D9VRNG0Y9ER9UEA72,105,4,2021-03-24,2022-05-24,Completed
437,D9VRNG0Y9ER9UEA72,44,4,2024-03-24,2024-04-06,Cancelled
461,DE20VBLDKWL9RVK5G,121,2,2018-12-05,2019-07-23,Completed
460,DE20VBLDKWL9RVK5G,95,2,2019-01-26,2021-01-11,Completed
459,DE20VBLDKWL9RVK5G,95,2,2022-04-16,2022-09-19,Completed
599,DHMFPLNSC3YNCHKW9,45,1,2017-07-24,2018-04-03,Completed
600,DHMFPLNSC3YNCHKW9,146,1,2017-11-11,2019-05-11,Completed
793,DX6MM7HDAP13UB35J,196,2,2019-04-19,2020-08-07,Completed
792,DX6MM7HDAP13UB35J,184,2,2019-10-25,2020-01-19,Completed
794,DX6MM7HDAP13UB35J,201,2,2025-01-23,2025-07-04,Completed
795,DX6MM7HDAP13UB35J,207,2,2025-05-05,2026-11-24,Completed
193,DYJ37B9H43M44FW30,169,3,2023-11-25,2025-09-13,Completed
241,E094D7SVRX2X5616S,131,2,2016-12-09,2017-09-22,Completed
240,E094D7SVRX2X5616S,196,2,2023-06-23,2024-11-20,Completed
182,E2DDRLDM2RS5C3L0W,166,3,2021-03-19,2021-12-21,Completed
183,E2DDRLDM2RS5C3L0W,166,3,2024-02-15,2024-03-23,Completed
326,E6A9HL2847TVVDSFJ,95,2,2018-01-08,2019-07-15,Completed
327,E6A9HL2847TVVDSFJ,95,2,2025-03-03,2027-02-04,Completed
297,E6XULTJ5BDFHJ4D1J,19,3,2025-12-14,,Active
573,E73GNNW9JBXGU3LB3,20,3,2022-11-01,2024-03-18,Completed
572,E73GNNW9JBXGU3LB3,185,3,2025-01-18,2026-03-02,Completed
990,E8T3BB9S4Y1W4DY7V,62,3,2019-04-10,2020-12-10,Completed
989,E8T3BB9S4Y1W4DY7V,114,3,2025-12-12,2026-05-23,Completed
512,EADA95GYYRX3GKSSA,127,4,2025-03-22,2026-01-03,Completed
513,EADA95GYYRX3GKSSA,143,4,2026-01-05,2026-06-07,Completed
1076,EC8HP4UD3ABDG2CJ8,10,3,2021-11-16,2022-12-13,Completed
226,EJ32GZMCM1L3LJK5S,130,1,2017-04-21,2018-05-15,Completed
224,EJ32GZMCM1L3LJK5S,28,1,2017-10-23,2019-03-02,Completed
225,EJ32GZMCM1L3LJK5S,195,1,2023-05-05,2024-03-06,Completed
227,EJ32GZMCM1L3LJK5S,47,1,2026-01-16,,Active
904,EKHNMK8FXSRK1ZEKN,107,3,2016-11-27,2017-09-21,Completed
902,EKHNMK8FXSRK1ZEKN,72,3,2018-06-15,2019-09-21,Completed
903,EKHNMK8FXSRK1ZEKN,209,3,2019-10-31,2020-10-10,Completed
905,EKHNMK8FXSRK1ZEKN,191,3,2024-02-02,2024-12-26,Completed
426,EKYCSL051AS25P3NS,28,1,2017-06-22,2017-07-29,Completed
424,EKYCSL051AS25P3NS,145,1,2018-12-09,2020-02-04,Completed
423,EKYCSL051AS25P3NS,173,1,2019-12-25,2020-09-04,Completed
425,EKYCSL051AS25P3NS,157,1,2020-11-02,2021-03-21,Completed
681,EP0624VMNXDRSU83F,207,2,2017-09-14,2018-01-01,Completed
680,EP0624VMNXDRSU83F,207,2,2018-01-19,2019-10-20,Completed
523,ER768UZ8R20UCMP2R,137,2,2017-09-25,2018-02-26,Completed
526,ER768UZ8R20UCMP2R,114,2,2018-05-08,2019-09-16,Completed
525,ER768UZ8R20UCMP2R,84,2,2020-09-08,2021-11-05,Completed
524,ER768UZ8R20UCMP2R,101,2,2022-06-14,2024-03-04,Completed
59,ER8HRMABTH9NA74Y3,27,4,2017-02-11,2017-05-21,Completed
60,ER8HRMABTH9NA74Y3,214,4,2025-08-23,,Active
769,ETAM4BE52T8V80E1R,11,1,2018-10-23,2019-06-03,Completed
767,ETAM4BE52T8V80E1R,11,1,2022-06-18,2023-01-06,Completed
768,ETAM4BE52T8V80E1R,168,1,2023-05-15,2024-09-13,Completed
630,EU0CZ572WYN01NYV5,51,2,2020-10-31,2021-08-31,Completed
276,EWET6EF7UP8Y5148H,148,2,2019-07-16,2020-03-03,Completed
275,EWET6EF7UP8Y5148H,20,2,2019-12-10,2020-05-26,Completed
818,EZHKM4MXD0C787X1R,124,1,2018-05-31,2019-01-09,Completed
819,EZHKM4MXD0C787X1R,173,1,2023-12-01,2024-07-05,Completed
640,EZKEH11A0VZ9E8R47,27,4,2021-01-05,2021-04-07,Completed
641,EZKEH11A0VZ9E8R47,98,4,2024-03-06,2024-06-17,Completed
442,F161P4WEL9UM7WNAY,63,3,2020-05-12,2021-10-08,Completed
444,F161P4WEL9UM7WNAY,10,3,2022-07-14,2024-05-28,Completed
443,F161P4WEL9UM7WNAY,164,3,2024-04-05,2024-07-26,Completed
307,F1NNJPH273ZK13P5G,192,4,2017-11-21,2018-11-09,Completed
552,F20AS7RHAK7MCXL0H,103,1,2023-05-12,2025-03-01,Completed
551,F20AS7RHAK7MCXL0H,134,1,2025-05-09,2026-02-13,Completed
258,F4AS7B7W2X4K3VC0U,95,3,2020-05-09,2021-12-24,Completed
259,F4AS7B7W2X4K3VC0U,32,3,2022-04-02,2023-09-08,Completed
202,F6FDGG001JKHBV4FM,72,3,2017-07-08,2018-11-22,Completed
308,F9A9KERACAHP2TNZB,3,3,2018-02-14,2018-06-04,Completed
401,FC2NLB8JRT7XFTE2H,206,2,2022-10-13,2023-04-03,Completed
402,FC2NLB8JRT7XFTE2H,210,2,2026-04-19,,Active
482,FEJ3YF58TA5CW56PM,107,3,2017-05-25,2017-08-17,Completed
483,FEJ3YF58TA5CW56PM,68,3,2020-08-22,2021-04-16,Completed
484,FEJ3YF58TA5CW56PM,56,3,2023-09-23,2024-05-16,Completed
722,FEKC5RPH6GB6R8KG8,168,1,2018-09-18,2019-03-12,Completed
723,FEKC5RPH6GB6R8KG8,5,1,2026-03-30,,Active
43,FEYC19DUNRFLL8W6F,151,3,2023-09-30,2023-10-10,Cancelled
867,FKW0U8VEY3BC3EMPS,137,2,2019-05-08,2020-07-25,Completed
868,FKW0U8VEY3BC3EMPS,137,2,2025-12-30,,Active
874,FPUD3M1YP3FETZAYZ,206,2,2024-12-01,2026-06-04,Completed
875,FPUD3M1YP3FETZAYZ,184,2,2026-02-28,2027-03-01,Completed
570,FR3BHAHHXH18L1GG9,32,2,2019-10-06,2020-12-01,Completed
569,FR3BHAHHXH18L1GG9,147,2,2022-05-09,2023-09-23,Completed
568,FR3BHAHHXH18L1GG9,95,2,2023-03-01,2025-02-15,Completed
108,FUU1HAAKZUU4JMK70,114,2,2018-03-25,2019-05-14,Completed
147,FV8HPGYRAXGWN0G13,11,1,2017-01-28,2017-11-05,Completed
148,FV8HPGYRAXGWN0G13,48,1,2019-08-28,2019-09-05,Cancelled
146,FV8HPGYRAXGWN0G13,43,1,2021-02-18,2021-06-11,Completed
584,FZF4WAG7NGKUSNAL7,133,2,2018-05-01,2019-04-04,Completed
585,FZF4WAG7NGKUSNAL7,148,2,2025-08-31,,Active
1029,G0DRZG0NXG30T0S1W,35,3,2019-11-13,2019-12-24,Completed
1028,G0DRZG0NXG30T0S1W,10,3,2021-03-24,2023-03-07,Completed
291,G2TP1EUP8BM52SDUL,213,1,2017-09-30,2018-02-21,Completed
290,G2TP1EUP8BM52SDUL,143,1,2024-01-25,2024-12-06,Completed
730,G2VD58M3S6Y2P82TJ,109,3,2019-03-18,2019-07-22,Completed
731,G2VD58M3S6Y2P82TJ,181,3,2019-07-01,2019-12-20,Completed
729,G2VD58M3S6Y2P82TJ,119,3,2026-06-19,2026-07-29,Completed
281,G3PDRWJUVX9PGVVFV,185,1,2024-06-23,2024-06-24,Cancelled
958,G4C8K6E18FRZ2ADLD,150,3,2017-04-20,2017-11-24,Completed
956,G4C8K6E18FRZ2ADLD,56,3,2019-01-29,2019-10-09,Completed
957,G4C8K6E18FRZ2ADLD,86,3,2021-07-11,2023-04-11,Completed
955,G4C8K6E18FRZ2ADLD,39,3,2022-06-16,2023-04-29,Completed
954,G4C8K6E18FRZ2ADLD,107,3,2023-04-19,2023-12-04,Completed
827,G5851ACVGFPJNWYSY,67,1,2026-01-02,,Active
339,G8V0B7LT1AZMK99KC,95,2,2021-05-25,2022-11-22,Completed
342,G8V0B7LT1AZMK99KC,147,2,2022-05-05,2023-03-11,Completed
340,G8V0B7LT1AZMK99KC,95,2,2023-03-06,2023-08-03,Completed
341,G8V0B7LT1AZMK99KC,95,2,2023-07-17,2025-03-25,Completed
141,G9F2A08G34C43ZEKJ,178,2,2023-11-20,2024-05-31,Completed
142,G9F2A08G34C43ZEKJ,201,2,2026-02-16,2026-02-25,Cancelled
399,GAD7Y48Y0D5EY6V86,71,2,2017-04-30,2017-06-16,Completed
400,GAD7Y48Y0D5EY6V86,207,2,2023-07-29,2024-02-07,Completed
357,GBMEBWWLCD9FKY0VV,26,3,2026-07-22,,Active
799,GE9H1GN3E90YRDTBK,120,3,2025-01-17,2026-04-27,Completed
944,GHE8HCDP6DHGYL9ZU,121,1,2021-12-24,2023-05-16,Completed
943,GHE8HCDP6DHGYL9ZU,74,1,2024-11-26,2026-07-27,Completed
91,GLYULF7MM20YZXGJV,63,3,2022-05-09,2023-12-30,Completed
92,GLYULF7MM20YZXGJV,23,3,2024-04-19,2024-11-13,Completed
7,GM1X2GV7R0E9XHFVV,64,4,2016-12-12,2018-11-23,Completed
8,GM1X2GV7R0E9XHFVV,64,4,2017-06-12,2018-11-18,Completed
332,GPVV9UHJRZWDPNGMY,171,2,2024-01-23,2024-02-05,Cancelled
481,GSH124P57X4JKFZHH,161,2,2018-08-29,2020-07-16,Completed
479,GSH124P57X4JKFZHH,171,2,2020-08-17,2021-11-24,Completed
480,GSH124P57X4JKFZHH,52,2,2021-09-16,2022-06-18,Completed
477,GT3ZFK8GX9C5HJKV3,92,1,2018-06-23,2018-08-22,Completed
473,GT3ZFK8GX9C5HJKV3,67,1,2019-02-17,2019-06-20,Completed
476,GT3ZFK8GX9C5HJKV3,112,1,2023-10-15,2024-02-06,Completed
475,GT3ZFK8GX9C5HJKV3,115,1,2025-07-25,2026-03-12,Completed
474,GT3ZFK8GX9C5HJKV3,61,1,2025-12-03,2027-01-16,Completed
766,GW04E3V3MDA7EZUKV,171,2,2022-01-07,2023-02-02,Completed
859,GW823HNC0J4Y6G1EB,62,4,2024-08-23,2024-10-12,Completed
860,GW823HNC0J4Y6G1EB,183,4,2025-06-03,2025-06-09,Cancelled
520,GZCSFFT38THV9MJZF,209,3,2020-11-25,2020-11-26,Cancelled
519,GZCSFFT38THV9MJZF,36,3,2022-12-08,2024-04-27,Completed
582,H0GHWVS3MC4R8PR5A,32,4,2021-08-01,2021-08-10,Cancelled
581,H0GHWVS3MC4R8PR5A,147,4,2025-11-12,2026-11-02,Completed
981,H3TP29W59B1W2CCPF,194,1,2017-06-24,2017-12-21,Completed
982,H3TP29W59B1W2CCPF,99,1,2018-04-16,2019-12-20,Completed
980,H3TP29W59B1W2CCPF,129,1,2020-07-18,2022-01-21,Completed
58,H826GZVR22TPFGW5B,127,2,2024-05-18,2024-10-25,Completed
726,H9PVFNM89WA3A6T50,62,1,2018-03-05,2018-08-22,Completed
951,HA1MWF5U3MH8UNDFX,183,4,2026-05-05,2026-06-21,Completed
687,HBE67J3YJ4UAMWNC0,60,1,2023-07-21,2024-03-18,Completed
686,HBE67J3YJ4UAMWNC0,112,1,2023-07-29,2024-03-12,Completed
688,HBE67J3YJ4UAMWNC0,45,1,2026-05-14,2026-12-01,Completed
55,HEC4D246BM2ENF423,52,2,2017-04-28,2018-03-18,Completed
57,HEC4D246BM2ENF423,95,2,2021-09-19,2023-06-21,Completed
56,HEC4D246BM2ENF423,133,2,2025-06-16,2026-07-07,Completed
273,HJHZU3N76BYD8XK1W,73,1,2025-09-25,,Active
45,HTMDZWULH9BG822KD,138,1,2018-07-09,2018-07-22,Cancelled
44,HTMDZWULH9BG822KD,217,1,2025-07-14,2025-12-31,Completed
1057,HU71KVTFGXMLJDKAW,20,2,2020-08-04,2022-02-13,Completed
1055,HU71KVTFGXMLJDKAW,114,2,2021-01-08,2021-03-25,Completed
1056,HU71KVTFGXMLJDKAW,52,2,2023-02-10,2024-02-16,Completed
814,J2MS1DH16MMT7YWRP,192,3,2021-06-12,2022-06-12,Completed
813,J2MS1DH16MMT7YWRP,114,3,2024-08-04,2024-11-13,Completed
815,J2MS1DH16MMT7YWRP,185,3,2025-09-18,2027-03-25,Completed
296,J8MGPP1NPRV9Z303V,148,2,2017-07-17,2018-10-06,Completed
295,J8MGPP1NPRV9Z303V,148,2,2021-04-04,2022-08-12,Completed
294,J8MGPP1NPRV9Z303V,20,2,2021-09-26,2023-02-23,Completed
293,J8MGPP1NPRV9Z303V,84,2,2024-02-09,2025-09-21,Completed
292,J8MGPP1NPRV9Z303V,52,2,2024-07-24,2026-03-29,Completed
105,JAHCP0UB69SKFEY18,132,3,2018-01-14,2018-04-20,Completed
106,JAHCP0UB69SKFEY18,14,3,2018-03-04,2018-11-18,Completed
107,JAHCP0UB69SKFEY18,188,3,2026-01-14,,Active
318,JBCL88D0UGUJXF1PD,111,1,2022-01-20,2023-06-24,Completed
319,JBCL88D0UGUJXF1PD,7,1,2024-09-04,2025-12-16,Completed
320,JBCL88D0UGUJXF1PD,177,1,2026-02-10,,Active
840,JGVTT8HSSV117RCEA,110,1,2021-05-06,2023-03-30,Completed
839,JGVTT8HSSV117RCEA,134,1,2025-12-09,2026-02-28,Completed
521,JMMB5JEZUZ07RS4DD,192,4,2016-11-10,2017-10-06,Completed
217,JSZ4PDTY4NYXKDC9Y,147,3,2018-10-13,2020-04-02,Completed
218,JSZ4PDTY4NYXKDC9Y,200,3,2023-01-20,2023-11-12,Completed
219,JSZ4PDTY4NYXKDC9Y,87,3,2026-02-22,,Active
493,JZ43GPG586H87YX69,205,3,2020-09-13,2021-01-28,Completed
494,JZ43GPG586H87YX69,140,3,2026-05-06,,Active
492,JZ43GPG586H87YX69,172,3,2026-05-15,2027-08-12,Completed
354,JZ630EDRMUN3T8NN2,69,1,2017-12-21,2018-05-21,Completed
353,JZ630EDRMUN3T8NN2,146,1,2022-04-04,2023-12-06,Completed
885,K04WXLN7AMMRS1G0Z,62,1,2017-01-14,2017-04-14,Completed
636,K154BLTZK4VXHK8B3,62,1,2023-03-03,2023-10-03,Completed
634,K154BLTZK4VXHK8B3,192,1,2025-01-27,2025-03-06,Completed
635,K154BLTZK4VXHK8B3,130,1,2025-05-24,2027-02-11,Completed
638,K37FANPSMNC0K70VD,76,3,2018-08-03,2018-12-08,Completed
639,K37FANPSMNC0K70VD,72,3,2021-01-14,2022-03-27,Completed
637,K37FANPSMNC0K70VD,205,3,2026-02-21,2027-10-06,Completed
184,K4F85VVDD3EC2HGPZ,25,1,2023-10-19,2024-10-12,Completed
185,K4F85VVDD3EC2HGPZ,217,1,2024-11-05,2024-11-19,Cancelled
889,K5299VMH6K2XYZXXT,97,4,2026-05-31,2027-01-07,Completed
888,K5299VMH6K2XYZXXT,202,4,2026-06-05,2026-08-04,Completed
392,K5ADFWER3J0T35MCE,57,2,2018-10-25,2019-12-29,Completed
394,K5ADFWER3J0T35MCE,176,2,2019-03-18,2019-06-27,Completed
391,K5ADFWER3J0T35MCE,100,2,2022-04-25,2022-05-26,Completed
393,K5ADFWER3J0T35MCE,51,2,2022-12-29,2023-03-03,Completed
998,K63TWXPZRYHYD6TGL,121,3,2017-08-04,2019-05-20,Completed
999,K63TWXPZRYHYD6TGL,121,3,2018-02-08,2018-02-18,Cancelled
997,K63TWXPZRYHYD6TGL,121,3,2021-06-10,2022-06-28,Completed
996,K63TWXPZRYHYD6TGL,121,3,2022-01-18,2022-08-17,Completed
31,K884DGY9BM92G4VW3,16,3,2017-01-09,2017-06-03,Completed
32,K884DGY9BM92G4VW3,16,3,2018-10-29,2020-02-08,Completed
33,K884DGY9BM92G4VW3,16,3,2025-08-05,,Active
802,K9UP02J8S9H6KZK92,137,2,2023-04-11,2023-05-23,Completed
804,K9UP02J8S9H6KZK92,171,2,2024-05-13,2025-08-31,Completed
803,K9UP02J8S9H6KZK92,100,2,2025-03-08,2026-01-21,Completed
228,KB5EGPV6SL02TXFXA,183,4,2016-11-26,2018-06-29,Completed
229,KB5EGPV6SL02TXFXA,49,4,2024-05-28,2025-11-11,Completed
405,KB9YN5M42KGV8YKND,121,3,2021-06-07,2022-04-26,Completed
404,KB9YN5M42KGV8YKND,32,3,2024-02-22,2025-02-21,Completed
203,KC4LPTYDUG6NRJSHJ,35,3,2016-09-18,2018-07-29,Completed
204,KC4LPTYDUG6NRJSHJ,136,3,2020-01-24,2021-01-30,Completed
206,KC4LPTYDUG6NRJSHJ,36,3,2020-03-06,2021-01-01,Completed
205,KC4LPTYDUG6NRJSHJ,140,3,2021-09-17,2023-07-29,Completed
1068,KCN4UN60ULYPWN92E,23,3,2020-08-09,2022-05-23,Completed
1069,KCN4UN60ULYPWN92E,36,3,2025-08-24,,Active
821,KDKR6K7917YEG41A6,58,1,2021-01-31,2021-11-30,Completed
822,KDKR6K7917YEG41A6,115,1,2026-05-09,,Active
195,KEF838YF8Z72HWFLZ,12,4,2021-05-28,2022-11-06,Completed
198,KEF838YF8Z72HWFLZ,126,4,2021-10-31,2023-09-26,Completed
196,KEF838YF8Z72HWFLZ,98,4,2024-11-11,2026-03-23,Completed
197,KEF838YF8Z72HWFLZ,44,4,2025-07-20,2026-01-28,Completed
834,KH2JJE2YE1JCC02PA,159,3,2021-06-30,2022-06-15,Completed
833,KH2JJE2YE1JCC02PA,36,3,2025-12-30,2027-06-25,Completed
717,KMCF2JSJ5YEEVB5P5,194,1,2020-11-06,2021-12-22,Completed
468,KTTU3UA296DR5RBFY,62,1,2016-09-03,2017-07-13,Completed
467,KTTU3UA296DR5RBFY,168,1,2024-03-20,2024-10-19,Completed
891,KUMSF6NY9PYXEX9W1,101,2,2017-06-17,2017-12-30,Completed
890,KUMSF6NY9PYXEX9W1,206,2,2020-06-15,2020-09-24,Completed
892,KUMSF6NY9PYXEX9W1,184,2,2026-07-06,2026-07-17,Cancelled
79,KUTF8FY0W4V4ABYWY,200,3,2021-08-08,2023-03-02,Completed
78,KUTF8FY0W4V4ABYWY,218,3,2025-08-11,2026-02-01,Completed
362,KV2DLPV84G47SSBEF,67,1,2018-01-10,2018-02-18,Completed
363,KV2DLPV84G47SSBEF,160,1,2025-11-28,,Active
356,L18KF68A2ATT3XTHY,7,4,2018-12-28,2019-01-11,Cancelled
355,L18KF68A2ATT3XTHY,183,4,2026-07-02,2026-08-24,Completed
658,L1F3Z3V6PWJZ0YEVJ,8,3,2021-07-11,2023-04-20,Completed
657,L1F3Z3V6PWJZ0YEVJ,169,3,2025-10-22,2027-06-07,Completed
656,L1F3Z3V6PWJZ0YEVJ,68,3,2025-12-10,2027-09-28,Completed
11,L2N759HN5PLS7N93Y,209,3,2018-09-23,2019-02-08,Completed
12,L2N759HN5PLS7N93Y,156,3,2026-03-11,2026-12-08,Completed
199,L3XYDTLCMLX84Z1MA,44,4,2017-05-11,2018-05-27,Completed
200,L3XYDTLCMLX84Z1MA,199,4,2020-05-03,2021-11-17,Completed
881,LBX03DT0MYKPG101C,128,1,2018-06-14,2018-08-07,Completed
880,LBX03DT0MYKPG101C,179,1,2022-03-22,2023-08-27,Completed
882,LBX03DT0MYKPG101C,111,1,2026-01-08,,Active
655,LC72E3KD9H82EU5W3,72,3,2017-09-09,2018-03-18,Completed
652,LC72E3KD9H82EU5W3,181,3,2018-01-29,2019-09-03,Completed
653,LC72E3KD9H82EU5W3,59,3,2022-01-08,2023-09-06,Completed
654,LC72E3KD9H82EU5W3,197,3,2022-06-30,2023-09-10,Completed
853,LDNJ7XBKSBZJX9457,166,3,2026-02-10,,Active
40,LDTFS4MVDKHRV2XZV,122,4,2017-06-23,2018-05-27,Completed
41,LDTFS4MVDKHRV2XZV,183,4,2018-09-28,2019-11-18,Completed
39,LDTFS4MVDKHRV2XZV,82,4,2021-02-05,2022-03-25,Completed
42,LDTFS4MVDKHRV2XZV,122,4,2026-05-15,,Active
375,LG23C72VD30DLY2S8,92,1,2021-11-03,2022-11-05,Completed
374,LG23C72VD30DLY2S8,203,1,2022-10-03,2024-05-23,Completed
928,LHMG9JW7EYR334B9N,46,3,2022-05-30,2023-03-14,Completed
927,LHMG9JW7EYR334B9N,174,3,2025-08-27,2026-01-09,Completed
1015,LJ12TX2UXBDCA75LC,74,3,2016-09-28,2016-11-27,Completed
1014,LJ12TX2UXBDCA75LC,147,3,2017-03-22,2018-06-07,Completed
1013,LJ12TX2UXBDCA75LC,74,3,2021-07-05,2022-01-09,Completed
1016,LJ12TX2UXBDCA75LC,147,3,2025-11-23,,Active
71,LK8AGU7D20HXZ9GEC,32,4,2017-09-14,2019-07-05,Completed
72,LK8AGU7D20HXZ9GEC,12,4,2018-09-25,2020-01-27,Completed
70,LK8AGU7D20HXZ9GEC,219,4,2019-02-09,2020-07-23,Completed
73,LK8AGU7D20HXZ9GEC,38,4,2021-04-06,2021-06-28,Completed
614,LKVSL0G7A51NPPP1N,95,2,2023-02-05,2024-05-01,Completed
615,LKVSL0G7A51NPPP1N,32,2,2026-03-27,2027-08-24,Completed
451,LL43J0MUMEEK2P7FH,185,4,2020-08-06,2021-11-08,Completed
450,LL43J0MUMEEK2P7FH,34,4,2022-12-12,2023-08-13,Completed
721,LL9T0SKBFSYLBWN7M,217,1,2021-04-03,2022-06-15,Completed
720,LL9T0SKBFSYLBWN7M,124,1,2025-12-15,2026-06-17,Completed
567,LMNAWZBT45PGG62MZ,185,4,2024-01-25,2025-03-15,Completed
1070,LMS15FBT5XWU4F3E3,205,3,2018-08-06,2020-03-28,Completed
1071,LMS15FBT5XWU4F3E3,107,3,2024-07-02,2025-04-02,Completed
23,LPG25NTJF788K53SC,168,1,2016-08-19,2016-08-30,Cancelled
545,LPLN4DG1WT1NDCSPS,43,1,2020-01-06,2021-04-15,Completed
546,LPLN4DG1WT1NDCSPS,190,1,2025-08-17,,Active
1032,M1X3C20A1CW7MZZCJ,164,3,2019-05-08,2019-05-15,Cancelled
540,M5PVV62S0W2TSRR5L,25,1,2025-09-21,,Active
93,M73KEZN9483KK0MRJ,87,1,2023-05-15,2024-01-01,Completed
94,M73KEZN9483KK0MRJ,25,1,2023-08-30,2025-04-19,Completed
975,M8E59JUE92TSL3W00,133,2,2020-08-27,2021-06-14,Completed
976,M8E59JUE92TSL3W00,196,2,2020-09-16,2022-01-09,Completed
1008,M8PP1RNMLP0GHGG5Y,112,1,2017-03-15,2018-10-01,Completed
1009,M8PP1RNMLP0GHGG5Y,203,1,2026-06-20,,Active
935,MC57YGF9H72A58E8A,203,1,2021-05-01,2022-11-07,Completed
816,MDPTET6GFRFP20SD5,33,1,2016-09-21,2017-01-17,Completed
817,MDPTET6GFRFP20SD5,195,1,2026-06-25,,Active
322,MF9RML9LN2R0XVH27,101,2,2017-08-21,2019-01-07,Completed
324,MF9RML9LN2R0XVH27,210,2,2018-05-07,2018-06-15,Completed
321,MF9RML9LN2R0XVH27,184,2,2019-02-25,2019-08-03,Completed
325,MF9RML9LN2R0XVH27,133,2,2022-06-06,2023-05-21,Completed
323,MF9RML9LN2R0XVH27,196,2,2024-04-01,2024-06-30,Completed
101,MHZSFZ762ZY8NH8SS,133,2,2019-03-08,2020-08-08,Completed
102,MHZSFZ762ZY8NH8SS,100,2,2024-08-26,2025-10-20,Completed
878,MK4UFMALXWMB1JCD0,27,4,2016-11-13,2017-10-20,Completed
879,MK4UFMALXWMB1JCD0,211,4,2022-11-07,2024-08-30,Completed
921,MM1RRNP2P8M392A0G,129,1,2024-09-21,2026-02-10,Completed
922,MM1RRNP2P8M392A0G,173,1,2025-07-11,2026-10-08,Completed
716,MM5R62NGXCFXT3E5V,95,2,2017-12-05,2019-04-06,Completed
715,MM5R62NGXCFXT3E5V,95,2,2021-06-02,2023-02-22,Completed
578,MVMZJ124GWE50UJ2K,164,3,2017-12-05,2019-05-11,Completed
580,MVMZJ124GWE50UJ2K,10,3,2019-08-28,2019-11-28,Completed
579,MVMZJ124GWE50UJ2K,150,3,2023-11-29,2025-10-15,Completed
700,MXD776WFUWZEZK3MD,118,4,2018-10-12,2020-05-14,Completed
699,MXD776WFUWZEZK3MD,105,4,2019-09-06,2021-06-03,Completed
668,MXLMA6GMDTCTFETFY,147,4,2018-12-12,2020-02-19,Completed
669,MXLMA6GMDTCTFETFY,147,4,2020-08-12,2021-03-05,Completed
670,MXLMA6GMDTCTFETFY,32,4,2026-06-02,,Active
434,MYLWZ4RLE3FJS92BM,98,4,2018-01-05,2019-12-20,Completed
432,MYLWZ4RLE3FJS92BM,202,4,2018-09-15,2019-01-26,Completed
435,MYLWZ4RLE3FJS92BM,189,4,2019-04-25,2019-05-28,Completed
433,MYLWZ4RLE3FJS92BM,199,4,2021-06-08,2021-11-14,Completed
253,MZ9Y8TZLDMSVZP14K,169,3,2017-12-03,2018-05-19,Completed
254,MZ9Y8TZLDMSVZP14K,39,3,2023-04-27,2024-03-08,Completed
701,N02SCW8KC9GNLPZP3,187,4,2023-12-12,2024-10-12,Completed
590,N45PFXRNY0D0B6F6U,143,3,2023-11-01,2025-05-12,Completed
589,N45PFXRNY0D0B6F6U,71,3,2024-03-03,2024-08-31,Completed
809,N4PY5EL3MPYS9XFB7,20,2,2017-05-31,2018-09-03,Completed
808,N4PY5EL3MPYS9XFB7,52,2,2022-08-03,2024-02-19,Completed
632,N58WACU49LNZ3UWHP,60,1,2017-01-10,2017-03-14,Completed
631,N58WACU49LNZ3UWHP,152,1,2018-07-07,2020-03-18,Completed
633,N58WACU49LNZ3UWHP,129,1,2019-10-02,2020-02-15,Completed
625,N6938YNBMLDS006EW,11,1,2025-08-04,2025-12-20,Completed
272,N6W5ETCNAH89Z1EFV,119,3,2018-05-02,2020-03-30,Completed
800,NBGGRBLUMAX6763W1,111,1,2016-12-24,2018-12-13,Completed
801,NBGGRBLUMAX6763W1,22,1,2018-02-12,2018-10-02,Completed
696,NDA47E2J7W3A3U45C,74,1,2022-06-12,2023-02-10,Completed
695,NDA47E2J7W3A3U45C,121,1,2025-05-21,2027-02-04,Completed
666,NEMBTF9MZ455KSJAX,201,2,2018-08-26,2019-12-08,Completed
667,NEMBTF9MZ455KSJAX,131,2,2020-01-02,2021-04-16,Completed
986,NF8UANA6V58GXFHM5,132,3,2018-04-18,2019-06-12,Completed
985,NF8UANA6V58GXFHM5,62,3,2024-08-15,2025-01-22,Completed
1020,NFAZ37WG698V696CE,187,4,2021-06-05,2023-05-03,Completed
1019,NFAZ37WG698V696CE,64,4,2022-04-14,2023-03-22,Completed
1021,NFAZ37WG698V696CE,139,4,2024-04-25,2024-06-28,Completed
605,NKFGB7W81LKY2U9YK,195,1,2017-02-11,2017-05-10,Completed
608,NKFGB7W81LKY2U9YK,96,1,2017-03-06,2017-05-01,Completed
606,NKFGB7W81LKY2U9YK,99,1,2019-01-06,2020-02-19,Completed
604,NKFGB7W81LKY2U9YK,179,1,2019-04-23,2020-01-17,Completed
607,NKFGB7W81LKY2U9YK,61,1,2024-01-15,2024-11-05,Completed
994,NMU4ZRT5TZBHSGHL0,74,2,2019-12-24,2020-06-02,Completed
548,NMXWTB1VKPEEVKRX8,48,1,2017-04-19,2017-07-30,Completed
191,NPY3J9UAN0S2MVLJA,132,3,2018-07-10,2020-03-12,Completed
192,NPY3J9UAN0S2MVLJA,132,3,2022-06-16,2022-11-11,Completed
190,NPY3J9UAN0S2MVLJA,132,3,2025-04-20,2026-01-20,Completed
838,NVYL39DF5TJEXS0VH,207,2,2024-03-31,2024-07-18,Completed
837,NVYL39DF5TJEXS0VH,51,2,2025-03-01,2025-05-03,Completed
251,NW6TN972K89REP01K,74,3,2023-05-26,2025-03-11,Completed
252,NW6TN972K89REP01K,55,3,2026-02-19,,Active
942,NWUFA6D9DS95UEWYL,58,1,2020-02-10,2021-08-21,Completed
941,NWUFA6D9DS95UEWYL,129,1,2021-07-02,2023-06-08,Completed
174,P0JCNT6F398CSK4LV,181,3,2022-02-07,2022-10-06,Completed
175,P0JCNT6F398CSK4LV,140,3,2026-03-29,2027-04-14,Completed
37,P4P1LLJ8ZSDCR1NEB,118,4,2016-11-08,2018-10-20,Completed
38,P4P1LLJ8ZSDCR1NEB,147,4,2019-07-20,2019-07-29,Cancelled
83,P86370GF9S6TCNSHW,114,2,2018-04-10,2019-03-02,Completed
84,P86370GF9S6TCNSHW,101,2,2018-07-13,2019-04-05,Completed
471,PBJHLCZ5DFUBYPTPA,39,3,2020-12-09,2021-12-29,Completed
472,PBJHLCZ5DFUBYPTPA,89,3,2025-10-22,,Active
709,PBN49WCZSYPNBNPJD,184,2,2019-05-22,2021-02-12,Completed
508,PF85C5F2K1YDTR3LZ,199,4,2017-09-26,2018-12-25,Completed
507,PF85C5F2K1YDTR3LZ,97,4,2022-09-20,2023-06-09,Completed
933,PKXNALE5W2UYG4760,186,1,2019-11-09,2021-08-13,Completed
934,PKXNALE5W2UYG4760,60,1,2020-10-11,2021-09-11,Completed
932,PKXNALE5W2UYG4760,33,1,2024-10-27,2026-03-28,Completed
220,PLEATK6P1W93M0ZYS,191,3,2020-07-01,2022-05-03,Completed
223,PLEATK6P1W93M0ZYS,172,3,2022-08-11,2023-06-21,Completed
221,PLEATK6P1W93M0ZYS,19,3,2025-02-04,2026-10-10,Completed
222,PLEATK6P1W93M0ZYS,9,3,2026-02-02,2026-08-28,Completed
708,PM2ZKF6B1TA4Z5V47,183,4,2021-10-04,2021-10-11,Cancelled
1065,PNBRSFA6Y8500GJZ8,114,2,2021-01-13,2021-12-31,Completed
1066,PNBRSFA6Y8500GJZ8,20,2,2022-09-14,2022-10-19,Completed
1067,PNBRSFA6Y8500GJZ8,114,2,2026-04-26,,Active
517,PST7M0AKGMHH6MW4Y,62,4,2017-04-29,2018-03-18,Completed
518,PST7M0AKGMHH6MW4Y,130,4,2023-03-02,2024-10-14,Completed
516,PST7M0AKGMHH6MW4Y,192,4,2024-08-01,2024-09-07,Completed
2,PZSBKK5CHJ3W3GDHE,163,1,2019-10-25,2021-06-12,Completed
1,PZSBKK5CHJ3W3GDHE,190,1,2021-04-12,2021-06-21,Completed
103,R0CVCVTVELUDGWDT3,63,3,2017-09-23,2019-01-19,Completed
104,R0CVCVTVELUDGWDT3,181,3,2018-02-19,2018-03-01,Cancelled
583,R12ZKWVBE99V37VNN,176,2,2025-12-02,,Active
51,R349CYB09UXN7N2ZB,112,1,2018-06-10,2019-07-26,Completed
52,R349CYB09UXN7N2ZB,195,1,2024-04-10,2025-07-31,Completed
5,R38SPLDFPTYP2BCJD,49,4,2018-02-22,2018-11-05,Completed
6,R38SPLDFPTYP2BCJD,82,4,2020-03-11,2021-10-14,Completed
973,R3EK85SRV9GGUPV6N,207,2,2018-06-11,2018-11-24,Completed
974,R3EK85SRV9GGUPV6N,207,2,2026-07-27,2027-08-21,Completed
352,R62KFK7Z6SYCTFW6V,7,4,2019-02-22,2019-03-27,Completed
351,R62KFK7Z6SYCTFW6V,183,4,2020-11-14,2022-08-13,Completed
350,R62KFK7Z6SYCTFW6V,5,4,2021-06-02,2022-10-09,Completed
386,R9CYPS3WRFTVRMGWW,25,3,2018-04-22,2018-10-10,Completed
385,R9CYPS3WRFTVRMGWW,121,3,2021-08-13,2021-11-05,Completed
556,R9KZSM26HKPRAGCVA,46,3,2017-03-17,2018-09-08,Completed
557,R9KZSM26HKPRAGCVA,119,3,2019-11-02,2020-08-23,Completed
558,R9KZSM26HKPRAGCVA,8,3,2021-06-14,2023-03-05,Completed
677,RBDM80J6FAYLKKXRJ,107,3,2024-07-15,2025-08-21,Completed
678,RBDM80J6FAYLKKXRJ,209,3,2025-12-20,2026-02-10,Completed
35,RD0R6LEEXW0NWKTR3,105,4,2020-08-19,2021-01-30,Completed
36,RD0R6LEEXW0NWKTR3,105,4,2022-02-03,2022-04-18,Completed
230,RRSAU1861UAA1H5LD,182,1,2026-07-23,,Active
46,RSCLRPYKP8F8SZMRD,92,1,2017-08-31,2017-10-08,Completed
911,RSDWWKAR60RYWX19J,52,3,2023-07-26,2024-10-26,Completed
913,RSDWWKAR60RYWX19J,192,3,2024-08-10,2024-11-13,Completed
912,RSDWWKAR60RYWX19J,11,3,2025-02-14,2025-04-12,Completed
49,RSX3WMCSBNKY9CWNW,131,2,2022-09-29,2024-03-03,Completed
50,RSX3WMCSBNKY9CWNW,171,2,2025-04-26,2026-03-17,Completed
611,RXJ2C9PFRT1243AN5,124,1,2020-08-07,2022-05-09,Completed
612,RXJ2C9PFRT1243AN5,157,1,2022-10-26,2024-02-07,Completed
613,RXJ2C9PFRT1243AN5,116,1,2025-12-18,,Active
462,RYCEPWD79C9MW9E40,51,2,2017-03-28,2018-10-22,Completed
463,RYCEPWD79C9MW9E40,57,2,2021-06-19,2021-07-21,Completed
781,S0K9M5TM0NCYM0M02,130,1,2018-12-25,2020-05-26,Completed
780,S0K9M5TM0NCYM0M02,168,1,2020-10-20,2022-02-02,Completed
779,S0K9M5TM0NCYM0M02,168,1,2024-03-26,2025-12-10,Completed
369,S0UA7ZWCSBUYLWL6L,35,3,2018-03-05,2018-11-14,Completed
370,S0UA7ZWCSBUYLWL6L,23,3,2023-10-15,2024-02-21,Completed
368,S0UA7ZWCSBUYLWL6L,109,3,2025-07-16,2027-01-24,Completed
750,S4PKLMC2TBK9TY747,74,1,2020-10-01,2022-02-21,Completed
748,S4PKLMC2TBK9TY747,121,1,2021-09-22,2022-10-19,Completed
749,S4PKLMC2TBK9TY747,74,1,2024-10-19,2025-11-19,Completed
89,S822W0WFXX4EZB8DA,96,1,2020-06-21,2021-10-01,Completed
90,S822W0WFXX4EZB8DA,11,1,2023-08-17,2025-02-15,Completed
775,SBB4YMDKSLC1Z1BGE,39,3,2020-09-12,2022-08-13,Completed
828,SDD61K8LYDSLDZ02S,60,1,2017-06-15,2018-08-06,Completed
829,SDD61K8LYDSLDZ02S,203,1,2026-04-15,2027-12-17,Completed
304,SHCLPFAU2EKUZT1K2,202,4,2017-07-21,2018-12-18,Completed
306,SHCLPFAU2EKUZT1K2,202,4,2021-06-20,2023-06-10,Completed
305,SHCLPFAU2EKUZT1K2,139,4,2022-11-10,2023-12-29,Completed
595,SKF4XFE1FZAKRF06U,201,2,2017-04-22,2017-07-30,Completed
594,SKF4XFE1FZAKRF06U,100,2,2024-03-11,2024-11-07,Completed
3,SLPJURW61WAHZ5WA2,28,1,2018-08-31,2018-10-18,Completed
4,SLPJURW61WAHZ5WA2,77,1,2024-04-27,2025-02-09,Completed
270,SMLVFX45EUJ6CCATB,60,1,2019-02-05,2019-06-16,Completed
271,SMLVFX45EUJ6CCATB,34,1,2020-08-09,2022-01-07,Completed
172,SMTVNJDV0HTB5JSNE,57,2,2021-11-20,2022-11-20,Completed
171,SMTVNJDV0HTB5JSNE,71,2,2022-11-18,2023-01-30,Completed
173,SMTVNJDV0HTB5JSNE,4,2,2026-05-07,,Active
486,SNLY6B13B7ZJNY06Z,25,1,2017-08-27,2017-12-17,Completed
487,SNLY6B13B7ZJNY06Z,200,1,2025-09-12,,Active
728,SNVFRKYZX076DC4CA,132,3,2019-06-15,2020-03-06,Completed
727,SNVFRKYZX076DC4CA,132,3,2025-02-18,2025-09-06,Completed
387,SNW8C1U51KUUXJXYZ,137,2,2025-03-22,2025-09-10,Completed
388,SNW8C1U51KUUXJXYZ,178,2,2025-10-08,2025-10-20,Cancelled
1010,SUR685PGM6Y7R8AGV,74,2,2023-05-04,2024-05-03,Completed
1011,SUR685PGM6Y7R8AGV,147,2,2025-01-05,2026-10-14,Completed
1012,SUR685PGM6Y7R8AGV,121,2,2025-10-11,,Active
64,SZX3C2SKBGB7U9UJ1,49,4,2018-06-03,2020-03-26,Completed
65,SZX3C2SKBGB7U9UJ1,49,4,2024-12-04,2025-11-27,Completed
764,T12D3MTMVYJS4KMUY,98,4,2019-01-11,2020-08-31,Completed
872,T1WHX2NM4X17YEGGR,152,1,2025-04-04,2026-12-13,Completed
873,T1WHX2NM4X17YEGGR,194,1,2025-08-22,2025-12-13,Completed
575,T1YTTSLNZ0TJP7WBH,139,4,2021-02-14,2021-04-12,Completed
574,T1YTTSLNZ0TJP7WBH,38,4,2025-06-02,2026-07-03,Completed
408,TA6XJYAX64DX4C3DW,12,4,2025-09-02,2026-11-24,Completed
738,TAC8CZNL63FAFVXB9,186,1,2026-05-25,2027-02-20,Completed
835,TAKGJYSKD8VS6UJAT,52,2,2017-11-01,2018-05-28,Completed
836,TAKGJYSKD8VS6UJAT,101,2,2023-02-27,2024-01-08,Completed
629,TC499S68SUJF80D9A,121,3,2021-04-29,2022-03-26,Completed
194,TCHHUA7GE074LAW72,78,3,2025-09-12,,Active
415,TCHRWP16HDHHPG6CW,130,1,2024-01-30,2024-11-25,Completed
414,TCHRWP16HDHHPG6CW,168,1,2026-04-16,2026-08-15,Completed
48,TDT6M143HEGW2YF2T,134,1,2024-03-18,2024-05-17,Completed
47,TDT6M143HEGW2YF2T,110,1,2024-09-08,2026-07-20,Completed
555,TFG1ZWFW1E7561K4A,22,1,2020-11-23,2021-04-23,Completed
554,TFG1ZWFW1E7561K4A,157,1,2024-08-21,2024-12-24,Completed
553,TFG1ZWFW1E7561K4A,110,1,2025-10-28,2026-10-10,Completed
894,TG7S0HS0GECBWSZRH,45,1,2019-06-27,2021-03-12,Completed
893,TG7S0HS0GECBWSZRH,28,1,2024-10-04,2026-03-03,Completed
895,TG7S0HS0GECBWSZRH,157,1,2025-07-03,2027-01-05,Completed
1082,TJ7EACGGYVVS9YWDB,39,3,2020-04-24,2020-04-25,Cancelled
1081,TJ7EACGGYVVS9YWDB,68,3,2020-05-05,2022-02-10,Completed
917,TLUDKXVFF225XF89Y,171,3,2020-02-11,2020-11-04,Completed
919,TLUDKXVFF225XF89Y,185,3,2022-02-11,2024-01-16,Completed
916,TLUDKXVFF225XF89Y,71,3,2025-05-29,2025-12-11,Completed
918,TLUDKXVFF225XF89Y,130,3,2026-02-16,2027-08-24,Completed
920,TLUDKXVFF225XF89Y,168,3,2026-04-14,,Active
313,TLVYM61AN0JB0VUTV,89,3,2026-01-06,2026-05-29,Completed
501,TN9ZE6BFFTMSC0RJL,95,2,2020-09-04,2021-12-26,Completed
500,TN9ZE6BFFTMSC0RJL,147,2,2022-08-03,2022-09-11,Completed
412,TSXGBDE47TF7BNGJX,8,3,2019-11-20,2021-07-23,Completed
413,TSXGBDE47TF7BNGJX,191,3,2022-11-04,2022-11-15,Cancelled
152,TU77FFKG4X58SGNVY,168,1,2022-05-14,2024-01-20,Completed
908,TVYA14261MBX8TJ84,61,1,2019-02-28,2019-03-05,Cancelled
907,TVYA14261MBX8TJ84,33,1,2023-09-17,2024-01-14,Completed
735,TX24XJV8GDRXWA07C,52,2,2017-01-25,2017-11-18,Completed
734,TX24XJV8GDRXWA07C,201,2,2017-04-14,2019-01-09,Completed
733,TX24XJV8GDRXWA07C,206,2,2026-03-05,2027-06-30,Completed
167,TXTP0CUXKLTG3UNX4,160,1,2023-09-23,2024-06-28,Completed
661,TZZUEAG4ARUM9Y798,56,3,2019-04-07,2019-11-07,Completed
662,TZZUEAG4ARUM9Y798,86,3,2019-07-19,2019-11-15,Completed
665,TZZUEAG4ARUM9Y798,197,3,2020-05-26,2020-08-12,Completed
663,TZZUEAG4ARUM9Y798,159,3,2022-09-26,2024-06-03,Completed
664,TZZUEAG4ARUM9Y798,102,3,2025-03-29,2026-05-29,Completed
843,U4APEC9LGZULCSFMV,46,3,2018-03-25,2019-08-05,Completed
844,U4APEC9LGZULCSFMV,181,3,2023-04-15,2024-06-02,Completed
703,UHC0U23HCMG5MSED7,151,3,2017-07-12,2017-10-08,Completed
702,UHC0U23HCMG5MSED7,76,3,2025-02-20,2025-09-03,Completed
704,UHC0U23HCMG5MSED7,102,3,2026-06-18,,Active
697,UJUABUD6PAHHNMK7Z,38,4,2018-10-08,2019-05-23,Completed
698,UJUABUD6PAHHNMK7Z,44,4,2025-12-18,2026-09-26,Completed
330,ULVL0FZ991VCR2EMS,209,3,2020-10-19,2021-03-31,Completed
331,ULVL0FZ991VCR2EMS,174,3,2024-01-13,2024-03-27,Completed
314,UR2T16XNXLC84GZ2F,196,2,2017-04-13,2018-12-29,Completed
315,UR2T16XNXLC84GZ2F,207,2,2024-03-27,2025-07-10,Completed
1041,UTHT8XMLXXWUMNZEV,189,4,2019-07-28,2020-10-18,Completed
1040,UTHT8XMLXXWUMNZEV,118,4,2019-11-15,2020-08-22,Completed
1039,UTHT8XMLXXWUMNZEV,27,4,2026-03-31,2027-08-28,Completed
530,UUHTLMXA6UJ4LPT14,11,4,2018-11-08,2019-04-08,Completed
529,UUHTLMXA6UJ4LPT14,71,4,2022-03-30,2022-07-05,Completed
563,UWDA0W46ETMSXGEBE,132,3,2018-09-14,2019-01-22,Completed
564,UWDA0W46ETMSXGEBE,132,3,2022-11-05,2023-08-01,Completed
566,UWDA0W46ETMSXGEBE,192,3,2023-05-23,2024-11-21,Completed
565,UWDA0W46ETMSXGEBE,127,3,2024-01-08,2025-02-22,Completed
755,UWY9L1HJKCV5Y1GC9,130,1,2017-08-09,2019-03-16,Completed
754,UWY9L1HJKCV5Y1GC9,34,1,2017-10-29,2019-05-21,Completed
866,V1RXWZ1SJ0WSPB7H7,120,3,2022-01-02,2023-04-27,Completed
865,V1RXWZ1SJ0WSPB7H7,174,3,2022-03-01,2022-04-27,Completed
514,V4BAX0951WVKTTWXZ,63,3,2016-12-06,2017-12-17,Completed
515,V4BAX0951WVKTTWXZ,169,3,2023-03-25,2024-07-25,Completed
268,VCG10G65EGXJDZVB1,218,2,2022-07-12,2022-11-21,Completed
576,VECRMWSXRSP3LNFHY,100,2,2017-12-28,2019-06-23,Completed
577,VECRMWSXRSP3LNFHY,57,2,2023-10-22,2024-12-18,Completed
1030,VGE2G51HP4KPYHJMH,100,2,2018-07-02,2018-09-26,Completed
1031,VGE2G51HP4KPYHJMH,184,2,2022-03-18,2022-12-10,Completed
884,VH7KZGTBPFKAG2YKS,147,3,2021-10-26,2022-04-15,Completed
883,VH7KZGTBPFKAG2YKS,147,3,2026-07-07,2028-06-22,Completed
121,VJV8M2T01S1MEVG69,194,1,2017-06-17,2019-06-03,Completed
119,VJV8M2T01S1MEVG69,185,1,2022-08-08,2023-10-11,Completed
118,VJV8M2T01S1MEVG69,113,1,2023-07-29,2025-06-24,Completed
120,VJV8M2T01S1MEVG69,179,1,2023-10-13,2025-04-21,Completed
1061,VK95JX65X587LNVFB,74,1,2021-09-21,2022-08-10,Completed
1060,VK95JX65X587LNVFB,74,1,2022-03-12,2023-01-17,Completed
1062,VK95JX65X587LNVFB,74,1,2026-03-14,,Active
806,VLJFSRS8S4HB7KXLC,130,1,2020-03-30,2021-02-17,Completed
805,VLJFSRS8S4HB7KXLC,143,1,2020-09-05,2021-01-14,Completed
830,VLZP3RJBTHXBRH5U2,71,3,2026-02-22,2027-09-03,Completed
509,VP13XRRBMSHZFTXUK,59,3,2025-07-14,2027-01-19,Completed
470,VTVUSVFBJWNZ2KCWE,33,1,2016-11-28,2016-12-05,Cancelled
469,VTVUSVFBJWNZ2KCWE,194,1,2017-12-07,2019-07-09,Completed
510,VV7TTPS03MW2A1S24,147,2,2025-11-03,2026-05-10,Completed
645,VVK13FSYRVDC63G3A,152,1,2019-12-28,2020-02-29,Completed
644,VVK13FSYRVDC63G3A,33,1,2024-12-10,2025-12-25,Completed
110,W0B1PHH5BTK31LWZL,201,2,2018-10-19,2020-07-11,Completed
109,W0B1PHH5BTK31LWZL,52,2,2022-12-04,2023-09-28,Completed
710,W1LVYBJ9VV3BL8AMK,127,2,2019-05-05,2019-08-10,Completed
711,W1LVYBJ9VV3BL8AMK,131,2,2022-01-27,2023-10-28,Completed
490,W31RABYX3EPXLCFU8,121,1,2016-11-12,2018-05-04,Completed
491,W31RABYX3EPXLCFU8,121,1,2025-05-09,2026-09-28,Completed
489,W31RABYX3EPXLCFU8,25,1,2025-09-14,2026-01-31,Completed
1024,W3A6PF5GKU7T6BHLR,92,1,2024-12-27,2026-09-06,Completed
1023,W3A6PF5GKU7T6BHLR,45,1,2025-07-04,2025-12-02,Completed
1022,W3A6PF5GKU7T6BHLR,128,1,2025-10-29,2026-07-08,Completed
395,W4BJ4BSSS87HZNJUR,131,2,2019-05-07,2019-10-23,Completed
396,W4BJ4BSSS87HZNJUR,206,2,2019-08-30,2020-09-30,Completed
977,WC9ARY6S0CM8KJ6AW,192,4,2017-06-13,2018-04-24,Completed
978,WC9ARY6S0CM8KJ6AW,171,4,2025-08-14,2025-09-29,Completed
979,WC9ARY6S0CM8KJ6AW,34,4,2025-10-26,,Active
409,WE432WMDEPZVR7BD4,128,1,2020-08-27,2021-06-01,Completed
937,WE8TWUFG81M9PGCTS,69,1,2021-08-30,2022-11-14,Completed
936,WE8TWUFG81M9PGCTS,45,1,2026-01-29,2027-08-12,Completed
54,WEM80NW7LN33Z41ZU,115,1,2020-05-09,2021-10-21,Completed
53,WEM80NW7LN33Z41ZU,48,1,2025-02-26,2025-11-20,Completed
783,WF0TYJ0WWW4CA1HYT,100,2,2017-06-12,2019-04-02,Completed
782,WF0TYJ0WWW4CA1HYT,100,2,2018-03-26,2018-05-14,Completed
784,WF0TYJ0WWW4CA1HYT,133,2,2021-07-10,2021-11-03,Completed
1036,WGDNEMANL8VHT0R8F,202,4,2016-10-28,2018-06-08,Completed
1035,WGDNEMANL8VHT0R8F,98,4,2019-10-03,2020-03-09,Completed
1038,WGDNEMANL8VHT0R8F,97,4,2021-08-09,2022-01-20,Completed
1037,WGDNEMANL8VHT0R8F,64,4,2022-04-27,2024-03-21,Completed
410,WKZ3SEEJRHFZW0XC4,129,1,2021-11-06,2022-03-04,Completed
411,WKZ3SEEJRHFZW0XC4,145,1,2024-07-25,2025-02-19,Completed
820,WNYNRTW8DKMV6W4RL,10,3,2018-11-12,2019-07-24,Completed
301,WP6271URF5EHJ11GP,45,1,2024-06-10,2026-03-03,Completed
465,WPSK2DJTXEDBCZ9NZ,72,3,2018-12-12,2019-08-29,Completed
466,WPSK2DJTXEDBCZ9NZ,166,3,2024-07-25,2025-06-14,Completed
464,WPSK2DJTXEDBCZ9NZ,86,3,2024-08-15,2025-05-11,Completed
299,WYF2MZT16NKXEF3MX,3,4,2017-11-06,2018-12-10,Completed
300,WYF2MZT16NKXEF3MX,192,4,2021-11-12,2023-01-22,Completed
298,WYF2MZT16NKXEF3MX,5,4,2025-03-20,2025-08-31,Completed
648,WZU9MUGD4HGK48WHM,121,1,2017-11-05,2018-07-22,Completed
856,X00F5C4DR0L5K5Y1L,143,3,2017-03-31,2017-04-03,Cancelled
854,X00F5C4DR0L5K5Y1L,132,3,2017-04-09,2017-07-09,Completed
855,X00F5C4DR0L5K5Y1L,11,3,2017-05-10,2018-09-15,Completed
946,X39AX4HPAS5G59P9R,72,3,2022-07-09,2023-10-15,Completed
945,X39AX4HPAS5G59P9R,39,3,2024-09-30,2025-01-15,Completed
939,X4PFUE3ZN72AGPN4X,151,3,2021-08-25,2022-07-24,Completed
940,X4PFUE3ZN72AGPN4X,8,3,2026-05-26,,Active
1077,X7XWZ9TMJS312PW68,133,2,2018-08-01,2019-08-20,Completed
1078,X7XWZ9TMJS312PW68,196,2,2026-04-05,,Active
417,X9GEZBE5SFM6W3YXF,69,1,2021-05-18,2022-08-30,Completed
418,X9GEZBE5SFM6W3YXF,58,1,2023-01-30,2024-01-27,Completed
416,X9GEZBE5SFM6W3YXF,128,1,2024-06-09,2024-07-20,Completed
419,X9GEZBE5SFM6W3YXF,6,1,2025-02-20,2025-03-05,Cancelled
169,XBYYFAEATMU4JN151,36,3,2022-05-21,2023-12-15,Completed
168,XBYYFAEATMU4JN151,26,3,2024-04-20,2025-12-28,Completed
170,XBYYFAEATMU4JN151,24,3,2025-09-30,,Active
303,XC7NH1REUFBM75S57,95,2,2017-03-23,2018-02-28,Completed
302,XC7NH1REUFBM75S57,95,2,2024-04-10,2024-10-02,Completed
125,XJM3C8SJ0K4C9YBPN,174,3,2018-05-07,2020-03-17,Completed
124,XJM3C8SJ0K4C9YBPN,197,3,2022-07-27,2024-01-10,Completed
127,XJM3C8SJ0K4C9YBPN,159,3,2025-03-20,2026-10-01,Completed
126,XJM3C8SJ0K4C9YBPN,197,3,2026-06-02,2027-06-23,Completed
642,XPBHTZ8YNZ3Y25YKY,74,1,2020-03-27,2020-12-03,Completed
643,XPBHTZ8YNZ3Y25YKY,121,1,2021-06-11,2022-01-25,Completed
924,XRKCF08W882N80J9W,100,2,2021-12-03,2023-10-20,Completed
923,XRKCF08W882N80J9W,201,2,2022-12-30,2023-02-03,Completed
798,XSECJUT1M7H082KYU,133,2,2021-11-01,2022-05-27,Completed
796,XSECJUT1M7H082KYU,178,2,2024-07-11,2024-08-20,Completed
797,XSECJUT1M7H082KYU,51,2,2025-01-26,2026-10-04,Completed
447,XSZDTV4FBL5EFJP7M,178,2,2017-06-28,2018-12-22,Completed
448,XSZDTV4FBL5EFJP7M,184,2,2023-05-01,2024-10-06,Completed
449,XSZDTV4FBL5EFJP7M,196,2,2025-02-15,2025-02-18,Cancelled
359,XT1T36HKGDS31GXPB,151,3,2021-11-11,2023-10-31,Completed
360,XT1T36HKGDS31GXPB,150,3,2023-04-03,2024-12-14,Completed
361,XT1T36HKGDS31GXPB,108,3,2025-09-19,,Active
740,XUU2HN6AECZEKGD0Y,192,3,2020-03-03,2021-02-25,Completed
739,XUU2HN6AECZEKGD0Y,3,3,2021-02-01,2022-12-06,Completed
741,XUU2HN6AECZEKGD0Y,185,3,2026-04-27,2026-05-10,Cancelled
622,XX5FKNKMWSZDC1AW9,58,1,2017-11-22,2019-04-02,Completed
624,XX5FKNKMWSZDC1AW9,22,1,2018-12-05,2019-07-03,Completed
623,XX5FKNKMWSZDC1AW9,173,1,2026-05-08,2027-01-04,Completed
397,XYJJ3JWSZHZ2UZ9LA,114,2,2019-05-27,2020-08-20,Completed
398,XYJJ3JWSZHZ2UZ9LA,161,2,2024-01-12,2024-09-25,Completed
99,Y0AMKZGXYPRLPD9S7,218,3,2020-12-02,2021-02-21,Completed
100,Y0AMKZGXYPRLPD9S7,74,3,2022-12-14,2023-05-02,Completed
541,Y50V30VEVGXWBVGS6,84,2,2017-08-29,2019-04-02,Completed
542,Y50V30VEVGXWBVGS6,206,2,2024-05-15,2024-11-01,Completed
1079,YBW0T6KFKLDF4GTA2,133,2,2021-08-09,2022-06-01,Completed
1080,YBW0T6KFKLDF4GTA2,206,2,2025-12-20,,Active
547,YEVR4T2EUFJ88VB38,27,4,2019-12-24,2020-09-13,Completed
736,YHG403NJBCEA95D7E,128,1,2017-12-19,2019-02-05,Completed
737,YHG403NJBCEA95D7E,48,1,2025-08-17,,Active
807,YHYGTRLVH899A45UB,69,1,2026-07-05,2027-11-22,Completed
243,YPHS3R5RDTYDPVACW,119,3,2019-07-05,2020-07-26,Completed
244,YPHS3R5RDTYDPVACW,23,3,2024-05-30,2026-04-12,Completed
285,YRGY3KBWUHFBHAF92,7,4,2026-03-10,2026-07-13,Completed
382,YRKXRG5K3Z77079WX,161,2,2018-12-04,2020-08-13,Completed
381,YRKXRG5K3Z77079WX,114,2,2020-06-09,2020-08-08,Completed
76,YRZM52YG8R7BEFFL0,220,3,2022-02-12,2023-01-22,Completed
77,YRZM52YG8R7BEFFL0,121,3,2023-01-24,2024-03-03,Completed
1083,YWA6E753GSSDNXU3E,174,3,2018-11-09,2018-12-11,Completed
1084,YWA6E753GSSDNXU3E,159,3,2024-09-20,2026-06-13,Completed
682,Z59F1N2PJGFHZ63S0,121,1,2021-11-05,2022-08-05,Completed
683,Z59F1N2PJGFHZ63S0,74,1,2023-05-12,2024-03-23,Completed
684,Z59F1N2PJGFHZ63S0,121,1,2024-09-23,2026-05-01,Completed
685,Z59F1N2PJGFHZ63S0,74,1,2025-07-12,2026-02-04,Completed
165,Z5CD1WN8LEKCVWX2Z,132,3,2020-03-30,2020-04-08,Cancelled
288,Z65SJN3H03PMU0JKP,183,4,2021-12-18,2023-06-08,Completed
287,Z65SJN3H03PMU0JKP,213,4,2022-01-31,2023-06-28,Completed
18,Z6SKVC89K8ZSK95DN,210,2,2020-04-04,2022-01-04,Completed
19,Z6SKVC89K8ZSK95DN,127,2,2020-07-19,2022-06-09,Completed
20,Z6SKVC89K8ZSK95DN,84,2,2022-03-05,2023-04-05,Completed
777,ZDAWDDGS4RBEP944V,71,2,2018-09-02,2019-11-14,Completed
776,ZDAWDDGS4RBEP944V,114,2,2024-07-09,2025-11-05,Completed
334,ZF1C1JXE4KM3LSL1G,110,1,2025-06-24,2027-04-25,Completed
333,ZF1C1JXE4KM3LSL1G,116,1,2025-07-02,2026-09-07,Completed
335,ZF1C1JXE4KM3LSL1G,93,1,2026-03-24,,Active
347,ZMZSTW0N5TEGB2AJP,61,1,2018-03-12,2018-11-10,Completed
346,ZMZSTW0N5TEGB2AJP,103,1,2022-03-12,2023-03-13,Completed
348,ZMZSTW0N5TEGB2AJP,173,1,2026-01-29,2026-03-21,Completed
1004,ZPUXF7NEDHNV32DHX,68,3,2017-03-21,2018-08-08,Completed
1005,ZPUXF7NEDHNV32DHX,63,3,2019-07-25,2020-03-02,Completed
149,ZT8LNNDMSFZ37WZLH,91,4,2021-03-27,2022-02-01,Completed
150,ZT8LNNDMSFZ37WZLH,27,4,2021-11-03,2023-07-16,Completed
151,ZT8LNNDMSFZ37WZLH,2,4,2026-07-23,,Active
63,ZUM8U2TA5BNN1MCHY,190,1,2023-11-02,2025-09-19,Completed
95,ZUYBP0D2AV7P75SG8,176,2,2018-03-15,2018-06-17,Completed
96,ZUYBP0D2AV7P75SG8,184,2,2021-11-26,2023-03-26,Completed
112,ZVBMYNUZPKGUHH5ES,46,3,2017-08-09,2019-05-10,Completed
111,ZVBMYNUZPKGUHH5ES,9,3,2026-01-19,2026-03-27,Completed
910,ZYJZSBXVDG4C6UCHW,39,3,2020-01-20,2021-02-20,Completed
909,ZYJZSBXVDG4C6UCHW,164,3,2023-08-12,2025-05-18,Completed
